,AC-mean,AC-10_moving_average,AC-se,AC-upper,AC-lower,HRS-mean,HRS-10_moving_average,HRS-se,HRS-upper,HRS-lower,RRS-mean,RRS-10_moving_average,RRS-se,RRS-upper,RRS-lower,NRS-mean,NRS-10_moving,NRS-se,NRS-upper,NRS-lower,SARSA-RS-mean,SARSA-RS-se,SARSA-RS-10_moving,SARSA-RS-upper,SARSA-RS-lower
0,4261.4,5274.955,296.5656305,5571.520631,4978.38937,3334.92,4694.088,258.5160802,4952.60408,4435.57192,3482.71,5779.048,298.2408803,6077.28888,5480.80712,6226.911765,6436.365686,397.1750508,6833.540737,6039.190635,3974.35,314.078641545394,5853.772,6167.85064154539,5539.69335845461
1,4549.62,5380.878,341.3413569,5722.219357,5039.536643,5235.98,4794.468,369.2669806,5163.734981,4425.201019,6346.72,5996.273,370.9307971,6367.203797,5625.342203,6904.676471,6379.236275,372.39306,6751.629335,6006.843214,6396.73,383.626797514199,6008.041,6391.6677975142,5624.4142024858
2,5054.15,5432.373,375.3512329,5807.724233,5057.021767,5801.3,4719.515,387.5739084,5107.088908,4331.941092,6828.96,5891.971,398.3701412,6290.341141,5493.600859,7425.745098,6227.046078,346.2055765,6573.251655,5880.840502,6279.41,396.491821124976,5883.502,6279.99382112498,5487.01017887503
3,5163.44,5453.682,370.072921,5823.754921,5083.609079,5502.06,4551.868,398.9571357,4950.825136,4152.910864,6421.69,5771.298,399.2922613,6170.590261,5372.005739,6840.705882,6035.686275,374.4595623,6410.145837,5661.226712,5456.91,393.302547689435,5765.43,6158.73254768944,5372.12745231057
4,5925.36,5461.845,380.8112353,5842.656235,5081.033765,5366.07,4419.834,391.8605753,4811.694575,4027.973425,6359.97,5664.921,407.0416262,6071.962626,5257.879374,5892.029412,5900.171569,413.6256897,6313.797258,5486.545879,6182.87,417.417964791886,5731.224,6148.64196479189,5313.80603520812
5,5268.14,5384.103,390.0306098,5774.13361,4994.07239,5178.83,4209.711,392.6364336,4602.347434,3817.074566,6147.72,5513.978,413.4008808,5927.378881,5100.577119,6970.284314,5800.596078,375.06504,6175.661118,5425.531038,6436.22,411.64997864205,5612.289,6023.93897864205,5200.63902135795
6,5875.95,5368.831,397.7021225,5766.533123,4971.128878,4437.13,4029.994,391.2379638,4421.231964,3638.756036,5931.35,5412.28,401.4494153,5813.729415,5010.830585,6393.176471,5620.778431,397.7625254,6018.540957,5223.015906,6017.17,411.237685056951,5472.151,5883.38868505695,5060.91331494305
7,5673.04,5295.065,405.1273545,5700.192355,4889.937646,3614.86,3887.465,383.4082688,4270.873269,3504.056731,5276.29,5358.029,405.4829104,5763.51191,4952.54609,6012.264706,5469.219608,395.7291668,5864.948775,5073.490441,6231.26,413.586756707707,5400.133,5813.71975670771,4986.54624329229
8,5591.94,5199.863,401.6733493,5601.536349,4798.189651,4272.38,3864.6,395.1383296,4259.73833,3469.46167,5783.39,5334.534,413.4379593,5747.971959,4921.096041,5564.872549,5365.741176,422.827544,5788.568721,4942.913632,6070.65,406.229489913029,5202.498,5608.72748991303,4796.26851008697
9,5386.51,5151.055,395.6557732,5546.710773,4755.399227,4197.35,3770.304,397.9073112,4168.211311,3372.396689,5211.68,5269.463,418.4809443,5687.943944,4850.982056,6132.990196,5310.35,402.8524148,5713.202415,4907.497585,5492.15,414.883058553853,5069.477,5484.36005855385,4654.59394144615
10,5320.63,5094.047,410.4041159,5504.451116,4683.642884,4338.72,3736.913,414.7617415,4151.674742,3322.151259,5654.96,5247.785,408.1148681,5655.899868,4839.670132,5655.617647,5199.556863,403.6580508,5603.214914,4795.898812,5517.04,421.40987836547,4966.302,5387.71187836547,4544.89212163453
11,5064.57,5087.491,410.4797672,5497.970767,4677.011233,4486.45,3647.622,409.8577217,4057.479722,3237.764278,5303.7,5160.716,415.2992763,5576.015276,4745.416724,5382.77451,5096.846078,405.5259373,5502.372016,4691.320141,5151.34,429.160071120322,4905.478,5334.63807112032,4476.31792887968
12,5267.24,5096.95,387.0464487,5483.996449,4709.903551,4124.83,3525.714,392.2384354,3917.952435,3133.475565,5622.23,5153.51,431.5762458,5585.086246,4721.933754,5512.147059,5025.84902,418.8973693,5444.746389,4606.95165,5098.69,420.085045364626,4853.486,5273.57104536463,4433.40095463537
13,5245.07,5100.425,413.5410449,5513.966045,4686.883955,4181.72,3460.72,401.4655781,3862.185578,3059.254422,5357.92,5134.271,420.2305664,5554.501566,4714.040434,5485.558824,4972.223529,425.1939525,5397.417482,4547.029577,5114.85,411.17775483968,4788.737,5199.91475483968,4377.55924516032
14,5147.94,5061.721,409.5655188,5471.286519,4652.155481,3264.84,3402.104,353.2249096,3755.32891,3048.87909,4850.54,5126.968,410.449273,5537.417273,4716.518727,4896.27451,4963.355882,395.3944466,5358.750329,4567.961436,4993.52,429.788387576957,4733.483,5163.27138757696,4303.69461242304
15,5115.42,5075.547,408.1553827,5483.702383,4667.391617,3381.66,3432.814,377.1150419,3809.929042,3055.698958,5130.74,5179.67,423.4776253,5603.147625,4756.192375,5172.107843,5019.126471,417.3637543,5436.490225,4601.762716,5034.84,425.804980412395,4676.188,5101.9929804124,4250.38301958761
16,5138.29,5080.414,403.8405307,5484.254531,4676.573469,3011.84,3421.338,362.7553436,3784.093344,3058.582656,5388.84,5221.489,414.7705828,5636.259583,4806.718417,4877.588235,5045.070588,413.8029946,5458.873583,4631.267594,5296.99,421.099626809381,4607.099,5028.19862680938,4185.99937319062
17,4721.02,5078.582,422.5812611,5501.163261,4656.000739,3386.21,3432.52,379.3653596,3811.88536,3053.15464,5041.34,5215.341,415.02904,5630.37004,4800.31196,4977.480392,5080.946078,414.0942536,5495.040332,4666.851825,4254.91,409.828863086777,4563.724,4973.55286308678,4153.89513691322
18,5103.86,5073.792,396.1345234,5469.926523,4677.657477,3329.42,3468.143,373.4950008,3841.638001,3094.647999,5132.68,5216.871,428.2359543,5645.106954,4788.635046,5010.960784,5057.355882,407.5563058,5464.912188,4649.799577,4740.44,408.472458146201,4577.629,4986.1014581462,4169.1565418538
19,4816.43,5030.21,413.2971041,5443.507104,4616.912896,3863.44,3482.427,391.6096524,3874.036652,3090.817348,4994.9,5188.489,431.5427943,5620.031794,4756.946206,5025.058824,5102.886275,416.2585267,5519.144801,4686.627748,4460.4,418.63785280359,4574.847,4993.48485280359,4156.20914719641
20,5255.07,5093.082,417.3252727,5510.407273,4675.756727,3445.81,3444.411,374.4031925,3818.814193,3070.007808,4784.27,5193.372,409.7625373,5603.134537,4783.609463,4628.509804,5117.690196,409.8656401,5527.555836,4707.824556,4908.8,421.771033618953,4600.154,5021.92503361895,4178.38296638105
21,5159.16,5037.223,412.0582885,5449.281289,4625.164712,3267.37,3439.838,387.294163,3827.132163,3052.543837,5231.64,5231.646,412.471651,5644.117651,4819.174349,4672.803922,5114.253922,424.5243445,5538.778266,4689.729577,4631.42,411.176799000138,4567.985,4979.16179900014,4156.80820099986
22,5301.99,5016.778,422.135823,5438.913823,4594.642177,3474.89,3454.165,381.6355911,3835.800591,3072.529409,5429.84,5154.889,422.6623796,5577.55138,4732.22662,4975.892157,5152.326471,409.1360037,5561.462474,4743.190467,4451.2,410.900250669186,4560.774,4971.67425066919,4149.87374933081
23,4858.03,4970.852,410.3480987,5381.200099,4560.503901,3595.56,3427.065,397.8844441,3824.949444,3029.180556,5284.89,5034.082,412.4345781,5446.516578,4621.647422,5396.882353,5165.536275,414.9297118,5580.465986,4750.606563,4562.31,402.014153157572,4571.617,4973.63115315757,4169.60284684243
24,5286.2,4952.075,412.5572275,5364.632228,4539.517773,3571.94,3349.143,381.2364492,3730.379449,2967.906551,5377.56,4932.997,432.8310787,5365.828079,4500.165921,5453.980392,5119.405882,403.6669617,5523.072844,4715.738921,4420.57,417.805047182295,4578.798,4996.6030471823,4160.99295281771
25,5164.09,4920.393,419.5891801,5339.98218,4500.80382,3266.9,3305.511,373.2672695,3678.77827,2932.243731,5548.93,4844.273,407.7622148,5252.035215,4436.510785,5431.54902,5066.773529,422.2922232,5489.065753,4644.481306,4343.95,411.267824993641,4549.833,4961.10082499364,4138.56517500636
26,5119.97,4889.874,426.2521992,5316.126199,4463.621801,3123.66,3314.994,378.5103196,3693.50432,2936.48368,5327.36,4723.211,413.7261661,5136.937166,4309.484834,5236.343137,5041.341176,430.7369876,5472.078164,4610.604189,4863.24,423.593063002689,4534.75,4958.34306300269,4111.15693699731
27,4673.12,4842.08,408.024393,5250.104393,4434.055607,3742.44,3313.099,401.5985075,3714.697508,2911.500493,5056.64,4594.28,430.1875457,5024.467546,4164.092454,4741.578431,4992.00098,412.2806593,5404.28164,4579.720321,4393.96,429.303291839231,4486.9,4916.20329183923,4057.59670816077
28,4668.04,4827.787,416.019364,5243.806364,4411.767636,3472.26,3263.355,388.3036638,3651.658664,2875.051336,4848.86,4573.981,424.4400457,4998.421046,4149.540954,5466.264706,4990.653922,412.4829732,5403.136895,4578.170948,4712.62,444.576586603478,4479.987,4924.56358660348,4035.41041339652
29,5445.15,4864.571,428.1315703,5292.70257,4436.43943,3483.28,3203.595,385.6882617,3589.283262,2817.906738,5043.73,4501.782,424.702347,4926.484347,4077.079653,5173.098039,4926.835294,416.1337655,5342.96906,4510.701529,4713.47,407.818154685394,4379.36,4787.17815468539,3971.54184531461
30,4696.48,4813.782,422.7182484,5236.500248,4391.063752,3400.08,3103.649,392.6362685,3496.285269,2711.012732,5167.01,4404.706,419.1267325,4823.832733,3985.579268,4594.147059,4863.148039,405.5893151,5268.737354,4457.558724,4587.11,421.434187719744,4282.323,4703.75718771974,3860.88881228026
31,4954.71,4814.55,419.5355521,5234.085552,4395.014448,3410.64,3073.468,384.1718369,3457.639837,2689.296163,4464.07,4298.896,416.3119696,4715.20797,3882.58403,5053.529412,4892.417647,404.532836,5296.950483,4487.884811,4559.31,411.967184055963,4180.215,4592.18218405596,3768.24781594404
32,4842.73,4774.776,403.0424158,5177.818416,4371.733584,3203.89,3014.754,358.2393501,3372.99335,2656.51465,4221.77,4301.065,400.6631353,4701.728135,3900.401865,5107.990196,4830.998039,403.7170581,5234.715097,4427.280981,4559.63,421.132745973286,4160.262,4581.39474597329,3739.12925402671
33,4670.26,4755.73,427.3458388,5183.075839,4328.384161,2816.34,2970.145,364.8327634,3334.977763,2605.312237,4274.04,4292.057,410.2045509,4702.261551,3881.852449,4935.578431,4764.356863,402.9106912,5167.267554,4361.446172,4634.12,415.267792943301,4125.566,4540.8337929433,3710.2982070567
34,4969.38,4736.801,417.2812413,5154.082241,4319.519759,3135.62,2962.356,377.65046,3340.00646,2584.70554,4490.32,4296.067,425.3790302,4721.44603,3870.68797,4927.656863,4765.344118,417.2040752,5182.548193,4348.140042,4130.92,409.867587076607,4046.506,4456.37358707661,3636.63841292339
35,4858.9,4689.791,425.2232408,5115.014241,4264.567759,3361.73,2900.569,371.6341865,3272.203187,2528.934814,4338.31,4238.68,415.4381096,4654.11811,3823.24189,5177.22549,4715.939216,413.7064062,5129.645622,4302.232809,4193.12,398.191352311925,4036.708,4434.89935231193,3638.51664768807
36,4642.03,4636.294,421.026272,5057.320272,4215.267728,3104.71,2862.813,367.4441991,3230.257199,2495.368801,4038.05,4204.807,398.1643137,4602.971314,3806.642686,4742.941176,4678.683333,399.8165895,5078.499923,4278.866744,4384.74,407.440616438764,4057.492,4464.93261643876,3650.05138356124
37,4530.19,4657.772,439.5813542,5097.353354,4218.190646,3245,2836.294,369.6957725,3205.989773,2466.598228,4853.65,4271.405,409.7310673,4681.136067,3861.673933,4728.107843,4651.544118,396.8249531,5048.369071,4254.719165,4324.83,400.642834218959,4006.227,4406.86983421896,3605.58416578104
38,5035.88,4628.503,426.0982542,5054.601254,4202.404746,2874.66,2759.719,356.8623066,3116.581307,2402.856693,4126.87,4240.12,417.1392186,4657.259219,3822.980781,4828.078431,4604.99902,413.3002849,5018.299304,4191.698735,3706.35,393.870797946484,3995.022,4388.89279794648,3601.15120205352
39,4937.26,4548.845,418.1892681,4967.034268,4130.655732,2483.82,2722.58,328.4434915,3051.023492,2394.136509,4072.97,4283.358,421.5450452,4704.903045,3861.812955,4536.22549,4541.009804,408.0809504,4949.090754,4132.928854,3743.1,406.188672540237,4057.152,4463.34067254024,3650.96332745976
40,4704.16,4504.9,414.8236555,4919.723656,4090.076345,3098.27,2719.992,370.515794,3090.507794,2349.476206,4108.91,4340.43,406.1230934,4746.553093,3934.306907,4886.843137,4489.332353,413.4742576,4902.806611,4075.858095,3566.03,379.344974780212,4110.747,4490.09197478021,3731.40202521979
41,4556.97,4515.6,419.4633549,4935.063355,4096.136645,2823.5,2696.021,368.5470444,3064.568044,2327.473956,4485.76,4408.235,411.5146924,4819.749692,3996.720308,4439.333333,4371.190196,392.9950944,4764.18529,3978.195102,4359.78,408.259202855245,4130.233,4538.49220285525,3721.97379714476
42,4652.27,4445.24,427.9363286,4873.176329,4017.303671,2757.8,2718.328,351.8539558,3070.181956,2366.474044,4131.69,4394.862,423.5195813,4818.381581,3971.342419,4441.578431,4303.003922,394.5386819,4697.542603,3908.46524,4212.67,413.254877056521,4105.188,4518.44287705652,3691.93312294348
43,4480.97,4417.874,419.2784026,4837.152403,3998.595597,2738.45,2712.548,361.1472925,3073.695293,2351.400708,4314.14,4434.388,414.3451848,4848.733185,4020.042815,4945.45098,4286.052941,407.7008249,4693.753766,3878.352116,3843.52,395.984621792312,4095.833,4491.81762179231,3699.84837820769
44,4499.28,4399.875,435.4134327,4835.288433,3964.461567,2517.75,2765.071,350.7189685,3115.789969,2414.352032,3916.45,4420.206,407.5067353,4827.712735,4012.699265,4433.607843,4180.947059,396.7164525,4577.663511,3784.230606,4032.94,404.404866642329,4138.239,4542.64386664233,3733.83413335767
45,4323.93,4384.396,430.5277922,4814.923792,3953.868208,2984.17,2779.337,369.2871826,3148.624183,2410.049817,3999.58,4487.411,413.2339674,4900.644967,4074.177033,4804.666667,4165.12451,400.1220626,4565.246572,3765.002447,4400.96,394.559185654066,4209.559,4604.11818565407,3814.99981434593
46,4856.81,4341.625,414.0019888,4755.626989,3927.623011,2839.52,2732.072,354.7192649,3086.791265,2377.352735,4704.03,4515.822,423.1866658,4939.008666,4092.635334,4471.54902,4081.4,391.4090273,4472.809027,3689.990973,3872.09,400.816200544589,4177.323,4578.13920054459,3776.50679945541
47,4237.5,4291.222,405.3653225,4696.587323,3885.856678,2479.25,2741.667,332.3049402,3073.97194,2409.36206,4540.8,4441.146,428.5137085,4869.659709,4012.632292,4262.656863,4033.427451,406.40356,4439.831011,3627.023891,4212.78,394.447101036375,4233.889,4628.33610103637,3839.44189896362
48,4239.3,4292.091,399.8477582,4691.938758,3892.243242,2503.27,2776.184,349.1334352,3125.317435,2427.050565,4559.25,4434.903,421.3852414,4856.288241,4013.517759,4188.186275,3988.902941,387.9312098,4376.834151,3600.971731,4327.65,415.644981294133,4275.909,4691.55398129413,3860.26401870587
49,4497.81,4278.764,430.8931277,4709.657128,3847.870872,2457.94,2820.178,330.8080784,3150.986078,2489.369922,4643.69,4421.678,413.6363378,4835.314338,4008.041662,4019.45098,3937.370588,377.6345488,4315.005137,3559.736039,4279.05,398.605488766775,4283.591,4682.19648876678,3884.98551123323
50,4811.16,4245.737,414.5289967,4660.265997,3831.208003,2858.56,2871.523,351.5034479,3223.026448,2520.019552,4786.96,4388.268,423.7570405,4812.025041,3964.51096,3705.421569,3948.016667,386.391258,4334.407925,3561.625409,3760.89,381.813933453194,4266.055,4647.86893345319,3884.24106654681
51,3853.37,4204.339,392.6625028,4597.001503,3811.676497,3046.57,2845.911,363.7053451,3209.616345,2482.205655,4352.03,4330.668,403.9685459,4734.636546,3926.699454,3757.470588,3983.138235,381.2936343,4364.43187,3601.844601,4109.33,411.963412709187,4308.497,4720.46041270919,3896.53358729081
52,4378.61,4229.819,410.3297167,4640.148717,3819.489283,2700,2826.05,345.7230834,3171.773083,2480.326917,4526.95,4359.019,428.6158829,4787.634883,3930.403117,4272.068627,3974.776471,391.0280986,4365.804569,3583.748372,4119.12,417.585892070122,4306.034,4723.61989207012,3888.44810792988
53,4300.98,4223.39,413.7688524,4637.158852,3809.621148,3263.68,2854.325,374.5718174,3228.896817,2479.753183,4172.32,4326.841,413.6028527,4740.443853,3913.238147,3894.392157,3910.139216,387.0852086,4297.224424,3523.054007,4267.58,411.363095131297,4285.377,4696.7400951313,3874.0139048687
54,4344.49,4294.385,415.4025714,4709.787571,3878.982429,2660.41,2791.476,347.1940147,3138.670015,2444.281985,4588.5,4303.943,413.3904867,4717.333487,3890.552513,4275.382353,3943.983333,388.5441738,4332.527507,3555.43916,4746.14,420.514231155142,4271.102,4691.61623115514,3850.58776884486
55,3896.22,4299.274,397.6973848,4696.971385,3901.576615,2511.52,2791.331,347.8594019,3139.190402,2443.471598,4283.69,4249.912,405.8641427,4655.776143,3844.047857,3967.421569,3914.944118,383.9176038,4298.861721,3531.026514,4078.6,406.342945798251,4208.948,4615.29094579825,3802.60505420175
56,4352.78,4346.525,400.2947103,4746.81971,3946.23029,2935.47,2802.66,357.0688761,3159.728876,2445.591124,3957.27,4237.416,403.3030575,4640.719058,3834.112943,3991.823529,3942.22549,380.4348547,4322.660345,3561.790636,4437.75,410.161351269229,4212.891,4623.05235126923,3802.72964873077
57,4246.19,4314.529,417.1300523,4731.659052,3897.398948,2824.42,2753.946,352.8225844,3106.768584,2401.123416,4478.37,4277.188,418.5906682,4695.778668,3858.597332,3817.411765,3906.586275,403.6238119,4310.210086,3502.962463,4632.98,423.84004671102,4173.316,4597.15604671102,3749.47595328898
58,4106.03,4370.563,417.7809003,4788.3439,3952.7821,2943.21,2723.872,360.4299253,3084.301925,2363.442075,4427,4242.849,410.6354977,4653.484498,3832.213502,3672.862745,3888.279412,395.8873071,4284.166719,3492.392105,4404.47,414.740242912356,4069.71,4484.45024291236,3654.96975708764
59,4167.54,4456.225,399.2187006,4855.443701,4057.006299,2971.39,2732.522,362.1287522,3094.650752,2370.393248,4309.59,4203.482,414.2942348,4617.776235,3789.187765,4125.911765,3900.577451,406.183874,4306.761325,3494.393577,4103.69,397.707873116689,4010.79,4408.49787311669,3613.08212688331
60,4397.18,4501.218,429.5511351,4930.769135,4071.666865,2602.44,2671.087,354.970069,3026.057069,2316.116931,4210.96,4199.188,402.1204285,4601.308429,3797.067572,4056.637255,3882.047059,396.6312456,4278.678304,3485.415813,4185.31,411.373532861559,3936.728,4348.10153286156,3525.35446713844
61,4108.17,4499.793,399.1710385,4898.964039,4100.621962,2847.96,2670.938,361.2483503,3032.18635,2309.68965,4635.54,4191.017,413.5711725,4604.588173,3777.445828,3673.852941,3837.435294,384.1658367,4221.601131,3453.269457,4084.7,407.704810248788,3861.656,4269.36081024879,3453.95118975121
62,4314.32,4510.584,409.5978166,4920.181817,4100.986183,2982.75,2678.091,373.0131315,3051.104132,2305.077869,4205.17,4096.405,423.091483,4519.496483,3673.313517,3625.696078,3859.057843,392.3170533,4251.374896,3466.74079,3912.55,394.942507303278,3838.658,4233.60050730328,3443.71549269672
63,5010.93,4548.427,426.7440636,4975.171064,4121.682936,2635.19,2679.604,350.6979115,3030.301912,2328.906089,3943.34,4095.101,428.494393,4523.595393,3666.606607,4232.833333,3839.597059,407.9538879,4247.550947,3431.643171,4124.83,397.717317715736,3808.133,4205.85031771574,3410.41568228426
64,4393.38,4513.57,412.6897641,4926.259764,4100.880236,2658.96,2679.509,354.2582129,3033.767213,2325.250787,4048.19,4137.907,418.4023673,4556.309367,3719.504633,3984.990196,3818.379412,406.3874913,4224.766903,3411.99192,4124.6,412.746965100896,3757.218,4169.9649651009,3344.4710348991
65,4368.73,4481.689,412.5478925,4894.236893,4069.141108,2624.81,2669.176,346.4979589,3015.673959,2322.678041,4158.73,4165.6,416.9565598,4582.55656,3748.64344,4240.235294,3816.859804,410.0286435,4226.888447,3406.83116,4118.03,401.091781131202,3695.927,4097.0187811312,3294.8352188688
66,4032.82,4492.577,411.8548563,4904.431856,4080.722144,2448.33,2711.284,336.9654941,3048.249494,2374.318506,4354.99,4176.824,413.5096365,4590.333637,3763.314364,3635.431373,3828.271569,375.4744692,4203.746038,3452.797099,4042,405.425805789419,3639.215,4044.64080578942,3233.78919421058
67,4806.53,4582.751,430.2097478,5012.960748,4152.541252,2523.68,2732.616,339.0563944,3071.672394,2393.559606,4134.98,4173.048,413.1821947,4586.230195,3759.865805,3634.343137,3855.221569,370.5578241,4225.779393,3484.663745,3596.92,379.323544927019,3595.323,3974.64654492702,3215.99945507298
68,4962.65,4563.882,423.7363592,4987.618359,4140.145641,3029.71,2759.328,356.240456,3115.568456,2403.087544,4033.33,4231.204,414.9680342,4646.172034,3816.235966,3795.843137,3882.094118,398.9908061,4281.084924,3483.103312,3815.27,399.546696358511,3632.021,4031.56769635851,3232.47430364149
69,4617.47,4520.769,433.7323279,4954.501328,4087.036672,2357.04,2740.055,327.0482741,3067.103274,2413.006726,4266.65,4233.15,430.1481118,4663.298112,3803.001888,3940.607843,3873.911765,387.3647107,4261.276475,3486.547054,3363.07,369.582540782164,3618.487,3988.06954078216,3248.90445921784
70,4382.93,4531.884,423.9187128,4955.802713,4107.965287,2600.95,2766.957,350.4205808,3117.377581,2416.536419,4129.25,4242.354,409.9978042,4652.351804,3832.356196,3610.519608,3855.282353,386.7714713,4242.053824,3468.510882,3434.59,385.412670807538,3620.69,4006.10267080754,3235.27732919246
71,4216.08,4502.265,411.8273594,4914.092359,4090.437641,2919.49,2797.486,365.7838314,3163.269831,2431.702169,3689.42,4220.139,399.5474215,4619.686422,3820.591579,3890.078431,3838.537255,396.5206313,4235.057886,3442.016624,3854.72,380.401030513851,3692.166,4072.56703051385,3311.76496948615
72,4692.75,4515.782,432.531079,4948.313079,4083.250921,2997.88,2818.019,356.2145166,3174.233517,2461.804483,4192.13,4249.984,423.1657048,4673.149705,3826.818295,3431.088235,3811.619608,385.2197726,4196.83938,3426.399835,3607.3,357.256460403447,3680.962,4038.21846040345,3323.70553959655
73,4662.36,4458.753,415.3181406,4874.071141,4043.434859,2634.24,2799.549,346.1079916,3145.656992,2453.441008,4371.4,4246.391,427.4287281,4673.819728,3818.962272,4020.656863,3795.865686,399.8954497,4195.761136,3395.970237,3615.68,378.999171999096,3725.935,4104.9341719991,3346.9358280009
74,4074.57,4460.992,402.516273,4863.508273,4058.475727,2555.63,2812.707,343.7871809,3156.494181,2468.919819,4325.12,4187.92,415.4154889,4603.335489,3772.504511,3969.794118,3745.219608,398.1275922,4143.3472,3347.092016,3511.69,377.989467497442,3754.296,4132.28546749744,3376.30653250256
75,4477.61,4474.754,423.6663649,4898.420365,4051.087635,3045.89,2841.84,376.6754175,3218.515418,2465.164583,4270.97,4146.366,419.8835151,4566.249515,3726.482485,4354.352941,3698.288235,396.7675479,4095.055783,3301.520687,3550.91,393.475853921178,3789.101,4182.57685392118,3395.62514607882
76,4934.56,4472.767,434.4172958,4907.184296,4038.349704,2661.65,2864.938,352.5372339,3217.475234,2512.400766,4317.23,4118.624,424.5833096,4543.20731,3694.04069,3904.931373,3641.289216,395.9316094,4037.220825,3245.357606,3603.08,385.349366855585,3786.689,4172.03836685558,3401.33963314442
77,4617.84,4391.7,435.0872753,4826.787275,3956.612725,2790.8,2881.161,357.9664794,3239.127479,2523.194521,4716.54,4115.128,420.7368737,4535.864874,3694.391126,3903.068627,3582.393137,401.1557772,3983.548914,3181.23736,3963.9,406.50873336252,3809.778,4216.28673336252,3403.26926663748
78,4531.52,4348.571,423.0656362,4771.636636,3925.505364,2836.98,2880.282,359.048448,3239.330448,2521.233552,4052.79,4031.981,394.0308557,4426.011856,3637.950144,3714.019608,3582.426471,378.7026232,3961.129094,3203.723847,3679.93,406.478599499408,3765.319,4171.79759949941,3358.84040050059
79,4728.62,4328.55,425.5712008,4754.121201,3902.978799,2626.06,2906.355,352.4451398,3258.80014,2553.90986,4358.69,4039.967,407.9898927,4447.956893,3631.977107,3754.313725,3598.697059,384.9376141,3983.634673,3213.759445,3385.1,392.560940364678,3775.433,4167.99394036468,3382.87205963532
80,4086.74,4252.811,411.7368705,4664.547871,3841.07413,2906.24,2930.38,368.6158562,3298.995856,2561.764144,3907.1,3998.5,410.6589934,4409.158993,3587.841007,3443.068627,3591.682353,389.6035928,3981.285946,3202.07876,4149.35,411.398272814799,3830.372,4241.7702728148,3418.9737271852
81,4351.25,4255.962,432.3477185,4688.309719,3823.614282,3124.82,2956.553,363.4038977,3319.956898,2593.149102,3987.87,4030.947,400.4547829,4431.401783,3630.492217,3620.901961,3646.793137,394.368391,4041.161528,3252.424746,3742.68,402.228019133426,3789.462,4191.69001913343,3387.23398086657
82,4122.46,4222.113,418.9279108,4641.040911,3803.185089,2813.18,2953.613,353.4931027,3307.106103,2600.119897,4156.2,4029.791,406.6151746,4436.406175,3623.175825,3273.54902,3679.288235,364.0302219,4043.318457,3315.258013,4057.03,398.161745891039,3879.984,4278.14574589104,3481.82225410896
83,4684.75,4218.488,430.9002937,4649.388294,3787.587706,2765.82,2984.109,371.4992437,3355.608244,2612.609756,3786.69,3997.148,406.772722,4403.920722,3590.375278,3514.196078,3734.801961,382.5835258,4117.385487,3352.218435,3899.29,385.607170652985,3824.602,4210.20917065299,3438.99482934702
84,4212.19,4116.367,413.8001766,4530.167177,3702.566823,2846.96,2986.034,367.7577455,3353.791746,2618.276255,3909.58,3976.843,414.7738625,4391.616863,3562.069138,3500.480392,3801.330392,382.7102759,4184.040668,3418.620116,3859.74,399.683523708446,3830.697,4230.38052370845,3431.01347629155
85,4457.74,4110.324,415.9164547,4526.240455,3694.407545,3276.87,2973.436,378.3741547,3351.810155,2595.061845,3993.55,3994.5,400.2284449,4394.728445,3594.271555,3784.362745,3817.330392,381.8577366,4199.188129,3435.472656,3526.79,385.235385263348,3819.638,4204.87338526335,3434.40261473665
86,4123.89,4100.832,405.3337943,4506.165794,3695.498206,2823.88,2921.342,365.0985172,3286.440517,2556.243483,4282.27,4017.98,426.3137849,4444.293785,3591.666215,3315.970588,3855.569608,366.1131308,4221.682739,3489.456477,3833.97,418.005898392595,3837.503,4255.50889839259,3419.4971016074
87,4186.55,4077.814,411.048443,4488.862443,3666.765557,2782.01,2917.119,364.1970383,3281.316038,2552.921962,3885.07,4016.336,401.269825,4417.605825,3615.066175,3903.401961,3894.787255,390.2698468,4285.057102,3504.517408,3519.31,393.307412768943,3856.738,4250.04541276894,3463.43058723106
88,4331.31,4059.964,427.1476301,4487.11163,3632.81637,3097.71,2946.791,379.4561588,3326.247159,2567.334841,4132.65,4063.526,410.9252079,4474.451208,3652.600792,3876.72549,3872.521569,404.8414286,4277.362997,3467.68014,3781.07,421.621453736643,3893.241,4314.86245373664,3471.61954626336
89,3971.23,4050.07,391.5086614,4441.578661,3658.561339,2866.31,2936.862,362.223172,3299.085172,2574.638828,3944.02,4080.022,404.7976524,4484.819652,3675.224348,3684.166667,3854.430392,389.5422621,4243.972654,3464.88813,3934.49,406.105695477175,3881.305,4287.41069547717,3475.19930452282
90,4118.25,4035.747,407.3064191,4443.053419,3628.440581,3167.97,2947.465,396.3780517,3343.843052,2551.086948,4231.57,4067.77,419.2198336,4486.989834,3648.550166,3994.176471,3883.10098,389.4796703,4272.580651,3493.62131,3740.25,381.317425873772,3916.091,4297.40842587377,3534.77357412623
91,4012.76,4008.084,412.5837503,4420.66775,3595.50025,3095.42,2923.02,376.9948674,3300.014867,2546.025133,3976.31,4055.729,396.5265786,4452.255579,3659.202421,3945.852941,3868.543137,384.883057,4253.426194,3483.66008,4647.9,427.71809886887,3961.705,4389.42309886887,3533.98690113113
92,4086.21,4013.059,412.8736837,4425.932684,3600.185316,3118.14,2918.412,383.903026,3302.315026,2534.508974,3829.77,4098.921,411.531505,4510.452505,3687.389495,3828.686275,3842.917647,382.7274152,4225.645062,3460.190232,3503.21,385.533176080866,3897.38,4282.91317608087,3511.84682391913
93,3663.54,3990.009,402.5717152,4392.580715,3587.437285,2785.07,2910.22,363.5361504,3273.75615,2546.68385,3583.64,4113.824,386.7264463,4500.550446,3727.097554,4179.480392,3778.92451,400.6112491,4179.535759,3378.313261,3960.24,396.114241884838,3922.181,4318.29524188484,3526.06675811516
94,4151.76,4054.677,409.9648973,4464.641897,3644.712103,2720.98,2920.739,348.4213817,3269.160382,2572.317618,4086.15,4155.788,412.7365599,4568.52456,3743.05144,3660.480392,3762.708824,386.2351579,4148.943981,3376.473666,3749.15,399.817290615351,3935.069,4334.88629061535,3535.25170938465
95,4362.82,4022.387,407.257111,4429.644111,3615.129889,2755.93,2927.026,365.3683011,3292.394301,2561.657699,4228.35,4103.329,419.0039485,4522.332949,3684.325052,4166.754902,3792.101961,392.0294699,4184.131431,3400.072491,3705.44,420.590501633121,3976.53,4397.12050163312,3555.93949836688
96,3893.71,3970.329,402.6747264,4373.003726,3567.654274,2781.65,2935.774,356.8680029,3292.642003,2578.905997,4265.83,4071.334,411.4818293,4482.815829,3659.852171,3708.147059,3779.144118,393.502809,4172.646927,3385.641309,4026.32,406.855534773708,4011.267,4418.12253477371,3604.41146522629
97,4008.05,3960.719,411.9942765,4372.713277,3548.724724,3078.73,2903.783,380.0240795,3283.80708,2523.758921,4356.97,4062.286,414.4674835,4476.753484,3647.818517,3680.745098,3790.562745,388.4200189,4178.982764,3402.142726,3884.34,407.236634211609,3998.204,4405.44063421161,3590.96736578839
98,4232.37,3934.845,398.202906,4333.047906,3536.642094,2998.42,2877.556,377.0634037,3254.619404,2500.492596,4297.61,3986.952,404.008089,4390.960089,3582.943911,3695.813725,3817.207843,385.9990818,4203.206925,3431.208761,3661.71,402.302848435106,3988.712,4391.01484843511,3586.40915156489
99,3828,3872.599,375.2002196,4247.79922,3497.39878,2972.34,2863.386,350.908171,3214.294171,2512.477829,3821.5,3906.281,389.2424965,4295.523497,3517.038504,3970.872549,3796.489216,395.3690966,4191.858312,3401.120119,4282.35,412.754201280859,3962.947,4375.70120128086,3550.19279871914
100,3841.62,3877.072,406.7111616,4283.783162,3470.360838,2923.52,2855.487,362.3347462,3217.821746,2493.152254,4111.16,3878.507,381.2974214,4259.804421,3497.209579,3848.598039,3761.491176,395.6632238,4157.1544,3365.827953,4196.39,417.465605743755,3921.191,4338.65660574375,3503.72539425625
101,4062.51,3892.609,407.6733669,4300.282367,3484.935633,3049.34,2813.295,368.0241167,3181.319117,2445.270883,4408.23,3845.796,423.1968256,4268.992826,3422.599174,3689.598039,3771.715686,390.010592,4161.726278,3381.705094,4004.65,416.278378341945,3873.107,4289.38537834195,3456.82862165805
102,3855.71,3841.922,412.1188577,4254.040858,3429.803142,3036.22,2802.455,380.4822032,3182.937203,2421.972797,3978.8,3750.014,393.1897588,4143.203759,3356.824241,3188.754902,3730.619608,360.085905,4090.705513,3370.533703,3751.22,401.264100208329,3825.166,4226.43010020833,3423.90189979167
103,4310.22,3761.215,411.1535532,4172.368553,3350.061447,2890.26,2776.036,368.2069444,3144.242944,2407.829056,4003.28,3685.172,411.652555,4096.824555,3273.519445,4017.323529,3804.935294,398.4434744,4203.378768,3406.49182,4089.12,406.517491943459,3805.509,4212.02649194346,3398.99150805654
104,3828.86,3699.665,412.0182057,4111.683206,3287.646794,2783.85,2745.577,351.8899085,3097.466909,2393.687092,3561.56,3669.618,387.2006982,4056.818698,3282.417302,3954.411765,3804.55,382.198615,4186.748615,3422.351385,4163.76,422.255156065619,3789.349,4211.60415606562,3367.09384393438
105,3842.24,3721.007,408.0458384,4129.052838,3312.961162,2843.41,2781.141,365.9551429,3147.096143,2415.185857,3908.4,3694.715,406.6508928,4101.365893,3288.064107,4037.176471,3756.052941,384.8522114,4140.905153,3371.20073,4052.81,413.523438197885,3763.561,4177.08443819789,3350.03756180212
106,3797.61,3727.282,397.1729928,4124.454993,3330.109007,2461.74,2722.639,344.2084094,3066.847409,2378.430591,4175.35,3680.128,410.0991213,4090.227121,3270.028879,3822.333333,3735.782353,381.5242302,4117.306583,3354.258123,3895.69,406.422957199762,3719.188,4125.61095719976,3312.76504280024
107,3749.31,3715.381,393.6497747,4109.030775,3321.731225,2816.46,2728.461,362.5534207,3091.014421,2365.907579,3603.63,3569.097,403.1814854,3972.278485,3165.915515,3947.196078,3709.366667,365.0090496,4074.375716,3344.357617,3789.42,387.186623007562,3714.798,4101.98462300756,3327.61137699244
108,3609.91,3704.226,384.3470583,4088.573058,3319.878942,2856.72,2736.037,379.8990203,3115.93602,2356.13798,3490.9,3586.825,377.3791331,3964.204133,3209.445867,3488.627451,3663.691176,390.1749908,4053.866167,3273.516186,3404.06,369.62653065493,3650.512,4020.13853065493,3280.88546934507
109,3872.73,3720.11,391.3393282,4111.449328,3328.770672,2893.35,2738.409,367.0328591,3105.441859,2371.376141,3543.76,3643.676,398.1451301,4041.82113,3245.53087,3620.892157,3720.507843,378.222837,4098.73068,3342.285006,3864.79,393.668519263352,3693.367,4087.03551926335,3299.69848073665
110,3996.99,3707.149,387.8673834,4095.016383,3319.281617,2501.6,2724.331,354.0688114,3078.399811,2370.262189,3784.05,3658.683,403.225747,4061.908747,3255.457253,3950.843137,3791.359804,397.136772,4188.496576,3394.223032,3715.55,387.534119110821,3677.206,4064.74011911082,3289.67188088918
111,3555.64,3655.602,393.9861293,4049.588129,3261.615871,2940.94,2719.626,365.7144755,3085.340476,2353.911525,3450.41,3624.454,381.6480659,4006.102066,3242.805934,3278.637255,3772.556863,362.6445909,4135.201454,3409.912272,3525.24,383.270480501695,3658.689,4041.9594805017,3275.4185194983
112,3048.64,3702.34,353.5936158,4055.933616,3348.746384,2772.03,2678.597,365.1584022,3043.755402,2313.438598,3330.38,3620.959,384.8115718,4005.770572,3236.147428,3931.911765,3840.365686,398.9658091,4239.331495,3441.399877,3554.65,389.581529945915,3647.131,4036.71252994592,3257.54947005409
113,3694.72,3712.558,403.9344615,4116.492462,3308.623539,2585.67,2690.451,344.6123054,3035.063305,2345.838695,3847.74,3656.529,410.271006,4066.800006,3246.257994,4013.470588,3854.210784,396.7338863,4250.944671,3457.476898,3927.52,414.151287932321,3629.824,4043.97528793232,3215.67271206768
114,4042.28,3707.419,400.2819394,4107.700939,3307.137061,3139.49,2666.685,381.8516677,3048.536668,2284.833332,3812.53,3593.38,397.0253978,3990.405398,3196.354602,3469.441176,3811.766667,351.4001577,4163.166824,3460.366509,3905.88,404.873260238312,3562.241,3967.11426023831,3157.36773976169
115,3904.99,3692.362,404.0443638,4096.406364,3288.317636,2258.39,2592.271,323.2808132,2915.551813,2268.990187,3762.53,3572.669,414.7729163,3987.441916,3157.896084,3834.470588,3861.898039,381.5926419,4243.490681,3480.305397,3609.08,385.258013461109,3489.511,3874.76901346111,3104.25298653889
116,3678.6,3642.055,394.1152057,4036.170206,3247.939794,2519.96,2621.392,345.5558884,2966.947888,2275.836112,3065.04,3552.435,379.6801548,3932.115155,3172.754845,3558.176471,3873.337255,372.8392243,4246.176479,3500.498031,3851.79,406.046069380064,3469.903,3875.94906938006,3063.85693061994
117,3637.76,3677.855,389.7305808,4067.585581,3288.124419,2892.22,2652.234,368.3396654,3020.573665,2283.894335,3780.91,3614.623,403.2287676,4017.851768,3211.394232,3490.441176,3924.583333,374.8037994,4299.387133,3549.779534,3146.56,376.885190030067,3396.226,3773.11119003007,3019.34080996993
118,3768.75,3671.317,393.6227898,4064.93979,3277.69421,2880.44,2623.744,365.9578056,2989.701806,2257.786194,4059.41,3606.225,411.4735129,4017.698513,3194.751487,4056.794118,3939.818627,382.4133412,4322.231969,3557.405286,3832.61,412.86984169227,3397.152,3810.02184169227,2984.28215830773
119,3743.12,3678.464,406.9325847,4085.396585,3271.531415,2752.57,2607.901,368.8474843,2976.748484,2239.053516,3693.83,3549.252,410.9314413,3960.183441,3138.320559,4329.411765,3924.239216,393.8555426,4318.094758,3530.383673,3703.18,389.864855656418,3342.725,3732.58985565642,2952.86014434358
120,3481.52,3662.694,384.3261905,4047.020191,3278.36781,2454.55,2627.491,350.2019952,2977.692995,2277.289005,3441.76,3532.872,374.7807714,3907.652771,3158.091229,3762.813725,3861.848039,383.1704234,4245.018463,3478.677616,3530.38,381.055828135458,3329.233,3710.28882813546,2948.17717186454
121,4023.02,3689.987,400.8051377,4090.792138,3289.181862,2530.65,2653.776,344.9759427,2998.751943,2308.800057,3415.46,3541.072,387.6758766,3928.747877,3153.396123,3956.72549,3838.666667,382.8820512,4221.548718,3455.784615,3409.66,397.962678456159,3402.714,3800.67667845616,3004.75132154384
122,3150.82,3600.447,375.6990981,3976.146098,3224.747902,2890.57,2665.025,362.581245,3027.606245,2302.443755,3686.08,3560.582,403.9268445,3964.508845,3156.655156,4070.362745,3827.016667,372.6823979,4199.699065,3454.334269,3381.58,384.133329243897,3430.098,3814.2313292439,3045.9646707561
123,3643.33,3622.9,368.4464813,3991.346481,3254.453519,2348.01,2685.332,330.5192286,3015.851229,2354.812771,3216.25,3564.312,373.0735084,3937.385508,3191.238492,3589.029412,3727.158824,369.8146154,4096.973439,3357.344208,3251.69,376.376239073351,3481.42,3857.79623907335,3105.04376092665
124,3891.71,3679.219,375.3410213,4054.560021,3303.877979,2395.35,2743.958,345.1988416,3089.156842,2398.759158,3605.42,3587.482,392.8377386,3980.319739,3194.644261,3970.754902,3768.47451,390.7800341,4159.254544,3377.694476,3178.58,359.137107573138,3533.208,3892.34510757314,3174.07089242686
125,3401.92,3673.865,397.0943504,4070.95935,3276.77065,2549.6,2788.336,339.4326905,3127.768691,2448.90331,3560.19,3577.578,385.1006169,3962.678617,3192.477383,3948.862745,3767.626471,395.5853009,4163.211772,3372.04117,3413,388.894777799857,3562.301,3951.19577779986,3173.40622220014
126,4036.6,3635.839,411.9385969,4047.777597,3223.900403,2828.38,2814.828,352.0880733,3166.916073,2462.739927,3686.92,3628.054,404.1905001,4032.2445,3223.8635,4070.637255,3732.045098,387.9600133,4120.005111,3344.085085,3115.02,375.094792013965,3603.046,3978.14079201396,3227.95120798603
127,3572.38,3556.339,399.5708925,3955.909893,3156.768108,2607.32,2854.361,357.0312252,3211.392225,2497.329775,3696.93,3574.903,384.8185178,3959.721518,3190.084482,3642.794118,3685.776471,352.3628722,4038.139343,3333.413598,3155.82,364.438666000193,3614.2,3978.63866600019,3249.76133399981
128,3840.22,3528.346,382.91995,3911.26595,3145.42605,2722.01,2895.852,355.3469711,3251.198971,2540.505029,3489.68,3542.086,386.666158,3928.752158,3155.419842,3901,3638.961765,382.0828762,4021.044641,3256.878888,3288.34,372.678817272997,3648.895,4021.573817273,3276.216182727
129,3585.42,3503.53,383.8345503,3887.36455,3119.69545,2948.47,2909.09,383.5228469,3292.612847,2525.567153,3530.03,3529.853,388.6421461,3918.495146,3141.210854,3705.5,3638.048039,386.4523207,4024.50036,3251.595719,3568.26,396.110344378937,3634.549,4030.65934437894,3238.43865562106
130,3754.45,3503.943,399.2943965,3903.237397,3104.648604,2717.4,2900.901,346.7424208,3247.643421,2554.158579,3523.76,3548.206,398.7102031,3946.916203,3149.495797,3531,3642.635294,372.154764,4014.790058,3270.48053,4265.19,406.557278300364,3627.789,4034.34627830037,3221.23172169964
131,3127.62,3451.774,368.1166306,3819.890631,3083.657369,2643.14,2892.552,348.0974835,3240.649484,2544.454517,3610.56,3533.421,387.3961209,3920.817121,3146.024879,3840.22549,3694.986275,384.1013779,4079.087652,3310.884897,3683.5,402.046146231997,3511.478,3913.524146232,3109.431853768
132,3375.35,3435.867,384.4715002,3820.3385,3051.3955,3093.64,2928.621,381.0747508,3309.695751,2547.546249,3723.38,3541.534,387.4645689,3928.998569,3154.069431,3071.784314,3698.011765,348.7884373,4046.800202,3349.223327,3894.8,402.385406047486,3494.474,3896.85940604748,3092.08859395251
133,4206.52,3433.561,426.887977,3860.448977,3006.673023,2934.27,2918.102,372.1673478,3290.269348,2545.934652,3447.95,3506.258,368.1234066,3874.381407,3138.134593,4002.186275,3702.451961,367.1185463,4069.570507,3335.333414,3769.57,401.509258487273,3431.817,3833.32625848727,3030.30774151273
134,3838.17,3368.258,412.5878161,3780.845816,2955.670184,2839.13,2901.827,359.7151322,3261.542132,2542.111868,3506.38,3515.499,382.016703,3897.515703,3133.482297,3962.27451,3691.754902,383.9324339,4075.687336,3307.822468,3469.51,395.843879703855,3404.95,3800.79387970385,3009.10612029614
135,3021.66,3266.091,358.8463393,3624.937339,2907.244661,2814.52,2931.88,361.8921855,3293.772186,2569.987815,4064.95,3544.563,405.409259,3949.972259,3139.153741,3593.04902,3652.021569,375.7863761,4027.807945,3276.235192,3820.45,412.850030247062,3356.123,3768.97303024706,2943.27296975294
136,3241.6,3298.378,365.1956788,3663.573679,2933.182321,3223.71,2922.155,391.2260191,3313.381019,2530.928981,3155.41,3450.071,364.8022141,3814.873214,3085.268786,3607.95098,3622.455882,382.9736614,4005.429544,3239.482221,3226.56,381.601387397897,3315.921,3697.5223873979,2934.3196126021
137,3292.45,3339.584,385.8252123,3725.409212,2953.758788,3022.23,2885.227,378.0197267,3263.246727,2507.207273,3368.76,3482.682,388.4052333,3871.087233,3094.276767,3174.647059,3562.85098,368.4394208,3931.290401,3194.41156,3502.77,386.394281752461,3336.968,3723.36228175246,2950.57371824754
138,3592.06,3295.287,402.7624657,3698.049466,2892.524534,2854.39,2855.73,371.3789221,3227.108922,2484.351078,3367.35,3500.343,369.6177435,3869.960744,3130.725257,3891.862745,3591.665686,386.0759204,3977.741607,3205.589766,3144.88,359.760852867568,3299.12,3658.88085286757,2939.35914713243
139,3589.55,3271.459,394.382609,3665.841609,2877.076391,2866.58,2842.438,382.5570269,3224.995027,2459.880973,3713.56,3541.327,402.7351475,3944.062148,3138.591853,3751.372549,3576.939216,386.8054237,3963.744639,3190.133792,3500.66,380.914439794556,3309.22,3690.13443979456,2928.30556020544
140,3232.76,3290.021,378.0899303,3668.11093,2911.93107,2633.91,2868.761,366.6753731,3235.436373,2502.085627,3375.91,3538.794,377.780522,3916.574522,3161.013478,4054.509804,3526.052941,390.2703968,3916.323338,3135.782544,3102.08,370.550610492008,3279.336,3649.88661049201,2908.78538950799
141,2968.55,3336.252,372.7832205,3709.035221,2963.46878,3003.83,2900.633,375.2186115,3275.851612,2525.414389,3691.69,3559.718,396.1441101,3955.86211,3163.57389,3870.480392,3461.645098,379.6442242,3841.289322,3082.000874,3513.46,372.72062417312,3327.332,3700.05262417312,2954.61137582688
142,3352.29,3374.433,373.1281746,3747.561175,3001.304825,2988.45,2895.355,377.9360923,3273.291092,2517.418908,3370.62,3533.537,391.8168268,3925.353827,3141.720173,3116.186275,3382.214706,350.9740805,3733.188786,3031.240625,3268.23,375.818082549257,3349.35,3725.16808254926,2973.53191745074
143,3553.49,3364.412,387.6909012,3752.102901,2976.721099,2771.52,2876.793,368.2563253,3245.049325,2508.536675,3540.36,3539.792,389.5956372,3929.387637,3150.196363,3895.215686,3415.82451,392.7764201,3808.60093,3023.04809,3500.9,389.39836581578,3373.554,3762.95236581578,2984.15563418422
144,2816.5,3338.347,365.4342063,3703.781206,2972.912794,3139.66,2849.772,387.8463395,3237.61834,2461.925661,3797.02,3559.694,383.7021944,3943.396194,3175.991806,3564.941176,3403.683333,364.1358353,3767.819169,3039.547498,2981.24,367.483523744943,3368.534,3736.01752374494,3001.05047625506
145,3344.53,3401.601,385.3444564,3786.945456,3016.256544,2717.27,2819.388,358.4798407,3177.867841,2460.908159,3120.03,3521.113,372.1673834,3893.280383,3148.945617,3297.392157,3410.335294,361.2546325,3771.589927,3049.080662,3418.43,378.803892602756,3424.803,3803.60689260276,3045.99910739724
146,3653.66,3432.716,389.6810945,3822.397095,3043.034906,2854.43,2810.234,368.3816913,3178.615691,2441.852309,3481.52,3576.974,384.3104933,3961.284493,3192.663507,3011.901961,3428.308824,344.4239273,3772.732751,3083.884896,3437.03,378.650346746177,3436.24,3814.89034674618,3057.58965325382
147,2849.48,3402.997,346.208468,3749.205468,3056.788532,2727.26,2805.603,368.2189725,3173.821973,2437.384028,3545.37,3610.723,371.4791808,3982.202181,3239.243819,3462.794118,3491.402941,340.6871156,3832.090057,3150.715826,3124.29,368.463626236023,3400.097,3768.56062623602,3031.63337376398
148,3353.78,3429.424,375.1028469,3804.526847,3054.321153,2721.47,2827.761,364.1439414,3191.904941,2463.617059,3777.19,3617.491,394.8614402,4012.35244,3222.62956,3744.598039,3504.816667,381.1033871,3885.920054,3123.71328,3245.88,372.727854950499,3438.906,3811.6338549505,3066.1781450495
149,3775.17,3470.972,388.1808251,3859.152825,3082.791175,3129.81,2854.449,384.8883263,3239.337326,2469.560674,3688.23,3615.433,412.7098184,4028.142818,3202.723182,3242.509804,3496.910784,375.4430259,3872.35381,3121.467758,3201.82,376.805698836947,3435.134,3811.93969883695,3058.32830116305
150,3695.07,3467.443,380.990096,3848.433096,3086.452904,2952.63,2834.998,360.9705912,3195.968591,2474.027409,3585.15,3595.559,399.6752593,3995.234259,3195.883741,3410.431373,3568.788235,376.4804912,3945.268727,3192.307744,3582.04,406.799089212353,3455.743,3862.54208921235,3048.94391078765
151,3350.36,3433.244,386.9826377,3820.226638,3046.261362,2951.05,2828.023,378.9199083,3206.942908,2449.103092,3429.88,3606.562,398.0967418,4004.658742,3208.465258,3076.176471,3642.404902,358.5795735,4000.984475,3283.825328,3733.64,387.518078680208,3460.904,3848.42207868021,3073.38592131979
152,3252.08,3418.694,385.9162167,3804.610217,3032.777783,2802.83,2792.946,366.0401637,3158.986164,2426.905836,3433.17,3671.889,376.4872941,4048.376294,3295.401706,3452.284314,3714.976471,381.3770733,4096.353544,3333.599397,3510.27,387.110473858561,3429.485,3816.59547385856,3042.37452614144
153,3292.84,3434.867,374.3845624,3809.251562,3060.482438,2501.31,2802.924,365.3542417,3168.278242,2437.569758,3739.38,3690.279,397.9903245,4088.269325,3292.288676,3773.803922,3752.707843,386.0785016,4138.786345,3366.629342,3450.7,391.418321875714,3409.329,3800.74732187571,3017.91067812429
154,3449.04,3443.256,399.5404095,3842.79641,3043.715591,2835.82,2812.57,365.5338855,3178.103886,2447.036115,3411.21,3673.098,389.1595139,4062.257514,3283.938486,3631.460784,3757.783333,371.7744263,4129.55776,3386.008907,3543.93,395.301964137544,3382.536,3777.83796413754,2987.23403586246
155,3655.68,3486.977,391.0756614,3878.052661,3095.901339,2625.73,2805.449,363.8978004,3169.3468,2441.5512,3678.64,3675.096,384.4136646,4059.509665,3290.682335,3477.127451,3735.094118,377.8348078,4112.928925,3357.25931,3532.8,389.245163874903,3364.864,3754.1091638749,2975.6188361251
156,3356.47,3395.18,363.9419757,3759.121976,3031.238024,2808.12,2824.629,368.3646444,3192.993644,2456.264356,3819.01,3677.21,399.9450949,4077.155095,3277.264905,3642.843137,3756.922549,357.366676,4114.289225,3399.555873,3075.6,361.53547682074,3341.791,3703.32647682074,2980.25552317926
157,3113.75,3408.777,368.7632686,3777.540269,3040.013731,2948.84,2834.279,382.9740688,3217.253069,2451.304931,3613.05,3631.149,380.1604983,4011.309498,3250.988502,3596.931373,3783.454902,382.9134116,4166.368314,3400.54149,3512.38,396.058881425477,3325.828,3721.88688142548,2929.76911857452
158,3769.26,3393.503,405.3120126,3798.815013,2988.190987,2988.35,2821.874,374.3023065,3196.176307,2447.571694,3756.61,3656.433,405.5984075,4062.031408,3250.834593,3665.539216,3776.203922,373.7260446,4149.929966,3402.477877,3208.16,380.088727725514,3284.116,3664.20472772551,2904.02727227449
159,3739.88,3345.926,390.0565414,3735.982541,2955.869459,2935.3,2789.514,380.9001784,3170.414178,2408.613822,3489.49,3663.672,386.8031653,4050.475165,3276.868835,3961.284314,3761.837255,389.305079,4151.142334,3372.532176,3407.91,392.045457082466,3305.126,3697.17145708247,2913.08054291753
160,3353.08,3316.755,376.2380408,3692.993041,2940.516959,2882.88,2794.98,369.2416342,3164.221634,2425.738366,3695.18,3726.538,400.9210068,4127.459007,3325.616993,4146.598039,3771.49902,398.0279346,4169.526954,3373.471085,3633.65,389.628869406516,3272.937,3662.56586940652,2883.30813059348
161,3204.86,3290.798,375.1436805,3665.941681,2915.65432,2600.28,2799.008,355.7499007,3154.757901,2443.258099,4083.15,3754.825,413.7495615,4168.574562,3341.075439,3801.892157,3744.373529,392.0672304,4136.44076,3352.306299,3419.45,373.280751278445,3196.871,3570.15175127844,2823.59024872156
162,3413.81,3327.932,393.3073286,3721.239329,2934.624671,2902.61,2851.122,374.5341645,3225.656165,2476.587836,3617.07,3719.274,389.9087638,4109.182764,3329.365236,3829.598039,3714.577451,373.315387,4087.892838,3341.262064,3308.71,390.665697059519,3198.35,3589.01569705952,2807.68430294048
163,3376.73,3332.848,390.4592987,3723.307299,2942.388701,2597.77,2867.21,359.4299931,3226.639993,2507.780007,3567.57,3703.209,392.1401893,4095.349189,3311.068811,3824.558824,3722.229412,386.713595,4108.943007,3335.515817,3182.77,374.140476787797,3181.48,3555.6204767878,2807.3395232122
164,3886.25,3312.361,400.0638635,3712.424864,2912.297137,2764.61,2883.899,362.6317666,3246.530767,2521.267233,3431.19,3738.529,392.087988,4130.616988,3346.441012,3404.568627,3692.548039,355.4372138,4047.985253,3337.110825,3367.21,377.619321352867,3224.012,3601.63132135287,2846.39267864713
165,2737.71,3296.696,348.9243948,3645.620395,2947.771605,2817.53,2899.46,369.9473867,3269.407387,2529.512613,3699.78,3747.392,384.8761368,4132.268137,3362.515863,3695.411765,3704.75098,381.4762507,4086.227231,3323.27473,3302.07,365.760491921968,3183.157,3548.91749192197,2817.39650807803
166,3492.44,3409.455,392.4277134,3801.882713,3017.027287,2904.62,2922.527,376.7345712,3299.261571,2545.792429,3358.4,3750.789,360.1670401,4110.95604,3390.62196,3908.166667,3692.988235,390.8241598,4083.812395,3302.164076,2915.97,368.331082439427,3158.539,3526.87008243943,2790.20791756057
167,2961.01,3446.905,363.1081796,3810.01318,3083.79682,2824.79,2918.118,355.4824202,3273.60042,2562.63558,3865.89,3775.993,405.8842936,4181.877294,3370.108706,3524.421569,3685.788235,363.7694568,4049.557692,3322.018779,3095.26,380.151552310391,3168.029,3548.18055231039,2787.87744768961
168,3293.49,3494.74,382.5286276,3877.268628,3112.211372,2664.75,2899.379,355.2735916,3254.652592,2544.105408,3829,3771.662,388.9816014,4160.643601,3382.680399,3521.872549,3682.341176,383.6826543,4066.023831,3298.658522,3418.26,379.50258750633,3161.891,3541.39358750633,2782.38841249367
169,3448.17,3522.301,388.753515,3911.054515,3133.547485,2989.96,2904.702,372.0886545,3276.790655,2532.613346,4118.15,3773.638,410.6026881,4184.240688,3363.035312,4057.901961,3686.960784,410.8549725,4097.815757,3276.105812,3086.02,379.525343285531,3139.996,3519.52134328553,2760.47065671447
170,3093.51,3488.222,388.3759814,3876.597981,3099.846019,2923.16,2859.415,366.1601032,3225.575103,2493.254897,3978.05,3744.491,408.7820997,4153.2731,3335.7089,3875.343137,3659.664706,379.3974605,4039.062166,3280.267245,2872.99,368.731057139211,3122.221,3490.95205713921,2753.48994286079
171,3576.2,3550.348,401.0195559,3951.367556,3149.328444,3121.42,2817.89,390.9574622,3208.847462,2426.932538,3727.64,3686.647,400.3286733,4086.975673,3286.318327,3503.931373,3658.141176,372.5193947,4030.660571,3285.621782,3434.24,374.834293020262,3150.391,3525.22529302026,2775.55670697974
172,3462.97,3561.091,391.302005,3952.393005,3169.788995,3063.49,2785.488,389.4430252,3174.931025,2396.044975,3456.42,3703.065,382.3592379,4085.424238,3320.705762,3906.117647,3659.858824,386.5430718,4046.401895,3273.315752,3140.01,382.487618491109,3075.598,3458.08561849111,2693.11038150889
173,3171.86,3569.001,387.9740512,3956.975051,3181.026949,2764.66,2741.082,376.9579094,3118.039909,2364.124091,3920.77,3682.792,400.6938549,4083.485855,3282.098145,3527.745098,3651.812745,378.9050291,4030.717774,3272.907716,3608.09,386.243874798035,3064.559,3450.80287479803,2678.31512520196
174,3729.6,3594.177,406.9035262,4001.080526,3187.273474,2920.22,2734.155,379.6654168,3113.820417,2354.489583,3519.82,3710.919,407.9023801,4118.82138,3303.01662,3526.598039,3695.62451,368.551321,4064.175831,3327.073189,2958.66,361.261167085531,3004.13,3365.39116708553,2642.86883291447
175,3865.3,3567.739,413.4838581,3981.222858,3154.255142,3048.2,2700.228,384.3440092,3084.572009,2315.883991,3733.75,3727.573,412.8370907,4140.410091,3314.735909,3577.784314,3731.423529,359.6863792,4091.109909,3371.73715,3055.89,359.335397614819,3008.362,3367.69739761482,2649.02660238518
176,3866.94,3560.053,397.1853217,3957.238322,3162.867678,2860.53,2644.466,375.129932,3019.595932,2269.336068,3610.44,3732.593,385.3766818,4117.969682,3347.216318,3836.166667,3733.645098,387.1823814,4120.827479,3346.462717,3010.87,370.780327864087,3006.754,3377.53432786409,2635.97367213591
177,3439.36,3523.144,398.3001721,3921.444172,3124.843828,2637.4,2626.223,370.1354333,2996.358433,2256.087567,3822.58,3745.081,409.8795482,4154.960548,3335.201452,3489.95098,3707.493137,388.1130503,4095.606188,3319.380087,3033.88,377.556154573065,2994.925,3372.48115457306,2617.36884542694
178,3569.1,3568.305,368.8338131,3937.138813,3199.471187,2717.98,2644.632,364.6528708,3009.284871,2279.979129,3848.76,3783.629,424.1907371,4207.819737,3359.438263,3568.068627,3726.262745,373.2433978,4099.506143,3353.019347,3199.31,382.499804626094,3016.649,3399.14880462609,2634.14919537391
179,3107.38,3574.667,380.7110946,3955.378095,3193.955905,2537.09,2659.354,352.4020471,3011.756047,2306.951953,3826.68,3805.886,408.1184828,4214.004483,3397.767517,3784.941176,3751.227451,365.0492764,4116.276727,3386.178175,2908.27,368.383423040451,3046.291,3414.67442304045,2677.90757695955
180,3714.77,3646.224,417.1985465,4063.422547,3229.025454,2507.91,2678.647,354.3768001,3033.0238,2324.2702,3399.61,3884.222,383.9365346,4268.158535,3500.285465,3860.107843,3736.858824,385.3132525,4122.172076,3351.545571,3154.69,379.556868912947,3058.834,3438.39086891295,2679.27713108705
181,3683.63,3630.725,408.918585,4039.643585,3221.806415,2797.4,2693.998,385.0911001,3079.0891,2308.9069,3891.82,3959.491,409.0855767,4368.576577,3550.405423,3521.107843,3695.657843,362.0514799,4057.709323,3333.606363,2686.31,367.406423649615,3040.149,3407.55542364961,2672.74257635039
182,3542.07,3638.801,396.7066249,4035.507625,3242.094375,2619.43,2706.672,346.9593726,3053.631373,2359.712627,3253.69,3963.145,367.326152,4330.471152,3595.818848,3825.656863,3712.122549,389.7092151,4101.831764,3322.413334,3029.62,357.487963651925,3092.436,3449.92396365192,2734.94803634808
183,3423.62,3651.927,390.0616012,4041.988601,3261.865399,2695.39,2712.442,358.9944893,3071.436489,2353.447511,4202.04,4111.436,408.8568135,4520.292814,3702.579187,3965.862745,3694.129412,381.1620093,4075.291421,3312.967402,3003.8,369.844769599355,3061.755,3431.59976959936,2691.91023040065
184,3465.22,3672.159,403.1387356,4075.297736,3269.020264,2580.95,2726.037,352.72556,3078.76256,2373.31144,3686.36,4113.961,408.0944691,4522.055469,3705.866531,3884.588235,3639.772549,382.9989197,4022.771469,3256.773629,3000.98,371.873402915562,3034.616,3406.48940291556,2662.74259708444
185,3788.44,3702.402,412.6478846,4115.049885,3289.754115,2490.58,2762.641,354.3299234,3116.970923,2408.311077,3783.95,4178.673,407.8549223,4586.527922,3770.818078,3600,3632.55,386.4629559,4019.012956,3246.087044,3039.81,383.391558773795,3022.747,3406.1385587738,2639.35544122621
186,3497.85,3721.564,390.610745,4112.174745,3330.953255,2678.1,2784.949,364.5681581,3149.517158,2420.380842,3735.32,4177.681,387.9095425,4565.590543,3789.771458,3574.647059,3673.698039,379.3798871,4053.077926,3294.318152,2892.58,368.175531012043,3021.299,3389.47453101204,2653.12346898796
187,3890.97,3694.995,408.2828614,4103.277861,3286.712139,2821.49,2759.256,376.4474977,3135.703498,2382.808502,4208.06,4230.616,419.2557448,4649.871745,3811.360255,3677.647059,3711.664706,383.1269207,4094.791627,3328.537785,3251.12,372.757302351007,3009.183,3381.94030235101,2636.42569764899
188,3632.72,3659.311,383.8812093,4043.192209,3275.429791,2865.2,2747.436,374.4525609,3121.888561,2372.983439,4071.33,4198.585,413.5380096,4612.12301,3785.04699,3817.715686,3715.605882,392.8938385,4108.499721,3322.712044,3495.73,378.280789587576,2971.462,3349.74278958758,2593.18121041242
189,3822.95,3675.252,412.0785552,4087.330555,3263.173445,2730.02,2731.867,359.4569485,3091.323949,2372.410052,4610.04,4187.615,428.2350899,4615.85009,3759.37991,3641.254902,3693.151961,378.799393,4071.951354,3314.352568,3033.7,371.389243651455,2951.46,3322.84924365146,2580.07075634854
190,3559.78,3624.888,389.6088699,4014.49687,3235.27913,2661.42,2717.927,379.9754193,3097.902419,2337.951581,4152.3,4174.018,430.8524466,4604.870447,3743.165553,3448.098039,3662.448039,375.6238129,4038.071852,3286.824226,2967.84,358.928774472039,2951.07,3309.99877447204,2592.14122552796
191,3764.39,3632.122222,415.0950823,4047.217304,3217.02714,2924.14,2724.205556,385.9136567,3110.119213,2338.291899,3928.36,4176.431111,424.3607134,4600.791824,3752.070398,3685.754902,3686.264706,371.6885291,4057.953235,3314.576177,3209.18,376.103552065119,2949.20666666667,3325.31021873179,2573.10311460155
192,3673.33,3554.492222,389.5734935,3944.065716,3164.918729,2677.13,2699.21375,366.4357198,3065.64947,2332.77803,4736.6,4207.44,432.6073772,4640.047377,3774.832623,3645.72549,3686.328431,368.0420315,4054.370463,3318.2864,2722.81,321.806813071134,2916.71,3238.51681307113,2594.90318692887
193,3625.94,3535.392222,379.2877717,3914.679994,3156.10445,2831.34,2702.368571,379.9828415,3082.351413,2322.38573,4227.29,4131.845714,419.3738653,4551.219579,3712.471849,3422.294118,3692.128852,357.0185031,4049.147355,3335.110348,2732.41,357.308844585465,2944.41,3301.71884458546,2587.10115541453
194,3767.65,3511.353333,397.2490348,3908.602368,3114.104298,2946.99,2680.873333,375.4017572,3056.27509,2305.471576,4333.48,4115.938333,416.4825332,4532.420866,3699.4558,3812.362745,3737.101307,391.38149,4128.482797,3345.719817,2882.29,359.747821201185,2979.74333333333,3339.49115453452,2619.99551213215
195,3980.06,3447.431111,391.0015936,3838.432705,3056.429517,2713.66,2627.65,361.6255271,2989.275527,2266.024473,3774.03,4072.43,401.6874577,4474.117458,3670.742542,4011.480392,3722.04902,369.7597659,4091.808785,3352.289254,3025.33,368.34002091953,2999.234,3367.57402091953,2630.89397908047
196,3232.16,3387.718889,383.1329197,3770.851809,3004.585969,2421.17,2606.1475,351.6124458,2957.759946,2254.535054,4264.67,4147.03,420.4284964,4567.458496,3726.601504,3954.313725,3649.691176,406.1849395,4055.876116,3243.506237,2771.42,347.513469143284,2992.71,3340.22346914328,2645.19653085672
197,3534.13,3393.906667,390.4078738,3784.314541,3003.498793,2703.29,2667.806667,375.7798598,3043.586527,2292.026807,3887.75,4107.816667,403.3775818,4511.194249,3704.439085,3717.058824,3548.150327,389.8557092,3938.006036,3158.294618,2873.91,355.521867146031,3066.47333333333,3421.99520047936,2710.9514661873
198,3792.13,3437.58,394.4137251,3831.993725,3043.166275,2709.51,2650.065,366.5678422,3016.632842,2283.497158,3961.63,4217.85,404.1710575,4622.021058,3813.678943,3593.176471,3463.696078,374.3056068,3838.001685,3089.390472,3295.71,365.850229819526,3162.755,3528.60522981953,2796.90477018047
199,3319.31,3460.947778,380.4835943,3841.431372,3080.464184,2590.62,2590.62,363.2720652,2953.892065,2227.347935,4474.07,4474.07,425.8419705,4899.911971,4048.22803,3334.215686,3334.215686,355.3475614,3689.563248,2978.868125,3029.8,376.005211134101,3029.8,3405.8052111341,2653.7947888659
,,,,,,,,,,,,,,,,,,,,,,,,,
200,3065.72,,368.9769023,,,,,,,,,,,,,,,,,,,,,,
201,3501.43,,382.4019862,,,,,,,,,,,,,,,,,,,,,,
202,3409.59,,384.0409083,,,,,,,,,,,,,,,,,,,,,,
203,3192.35,,391.6299129,,,,,,,,,,,,,,,,,,,,,,
204,3442.65,,401.7050713,,,,,,,,,,,,,,,,,,,,,,
205,3287.85,,380.4333159,,,,,,,,,,,,,,,,,,,,,,
206,3927.19,,412.1788237,,,,,,,,,,,,,,,,,,,,,,
207,4002.44,,408.5578868,,,,,,,,,,,,,,,,,,,,,,
208,3615.92,,402.2048679,,,,,,,,,,,,,,,,,,,,,,
209,3562.96,,397.9962555,,,,,,,,,,,,,,,,,,,,,,
210,3530.57,,400.1967897,,,,,,,,,,,,,,,,,,,,,,
211,3703.64,,410.5024647,,,,,,,,,,,,,,,,,,,,,,
212,3481.47,,392.4619073,,,,,,,,,,,,,,,,,,,,,,
213,3542.57,,382.4901503,,,,,,,,,,,,,,,,,,,,,,
214,3732.87,,414.1672082,,,,,,,,,,,,,,,,,,,,,,
215,3621.5,,404.354714,,,,,,,,,,,,,,,,,,,,,,
216,3639.69,,398.2372013,,,,,,,,,,,,,,,,,,,,,,
217,2686.2,,361.5175451,,,,,,,,,,,,,,,,,,,,,,
218,3110.2,,386.0537297,,,,,,,,,,,,,,,,,,,,,,
219,3422.45,,388.2586546,,,,,,,,,,,,,,,,,,,,,,
220,3545.03,,389.8748536,,,,,,,,,,,,,,,,,,,,,,
221,3724.55,,405.9794055,,,,,,,,,,,,,,,,,,,,,,
222,3114.02,,361.1162159,,,,,,,,,,,,,,,,,,,,,,
223,3331.71,,382.3506766,,,,,,,,,,,,,,,,,,,,,,
224,3185.19,,375.2211675,,,,,,,,,,,,,,,,,,,,,,
225,3442.03,,403.3043103,,,,,,,,,,,,,,,,,,,,,,
226,3525.68,,394.3844317,,,,,,,,,,,,,,,,,,,,,,
227,3355.52,,398.1723558,,,,,,,,,,,,,,,,,,,,,,
228,3756.14,,393.466841,,,,,,,,,,,,,,,,,,,,,,
229,3842.83,,404.4643314,,,,,,,,,,,,,,,,,,,,,,
230,3560.67,,389.2958153,,,,,,,,,,,,,,,,,,,,,,
231,3194.79,,380.2824945,,,,,,,,,,,,,,,,,,,,,,
232,3588.32,,393.7653583,,,,,,,,,,,,,,,,,,,,,,
233,3363.9,,393.548557,,,,,,,,,,,,,,,,,,,,,,
234,2827.52,,353.8264779,,,,,,,,,,,,,,,,,,,,,,
235,3247.89,,378.5858827,,,,,,,,,,,,,,,,,,,,,,
236,3341.08,,379.1459663,,,,,,,,,,,,,,,,,,,,,,
237,2727.55,,341.5147102,,,,,,,,,,,,,,,,,,,,,,
238,3549.92,,394.7161711,,,,,,,,,,,,,,,,,,,,,,
239,3135.23,,376.4825903,,,,,,,,,,,,,,,,,,,,,,
240,3112.13,,379.3930367,,,,,,,,,,,,,,,,,,,,,,
241,3005.1,,375.8568835,,,,,,,,,,,,,,,,,,,,,,
242,3286.83,,380.8324642,,,,,,,,,,,,,,,,,,,,,,
243,3163.21,,371.0650281,,,,,,,,,,,,,,,,,,,,,,
244,3337.77,,380.646232,,,,,,,,,,,,,,,,,,,,,,
245,3118.75,,363.3141925,,,,,,,,,,,,,,,,,,,,,,
246,2941.56,,360.6237323,,,,,,,,,,,,,,,,,,,,,,
247,3550.23,,397.5042025,,,,,,,,,,,,,,,,,,,,,,
248,3297.68,,386.2134177,,,,,,,,,,,,,,,,,,,,,,
249,2915.81,,369.4537499,,,,,,,,,,,,,,,,,,,,,,
