DDPG-mean,DDPG-mv,Ddpg-se,DDPG-lower,DDPG-upper,HRS-mean,HRS-mv,HRS-se,HRS-lower,HRS-upper,NRS-mean,NRS-mv,NRS-se,NRS-lower,NRS-upper,RRS-mean,RRS-mv,RRS-se,RRS-lower,RRS-upper
0.06,0.07,0.021908902300207,0.048091097699793,0.091908902300207,0.06,0.06,0.035777087639997,0.024222912360003,0.095777087639997,0.04,0.042,0.021908902300207,0.020091097699793,0.063908902300207,0.04,0.04,0.0219089023,0.0180910977,0.0619089023
0.06,0.078,0.021908902300207,0.056091097699793,0.099908902300207,0.06,0.062,0.035777087639997,0.026222912360003,0.097777087639997,0.04,0.044,0.021908902300207,0.022091097699793,0.065908902300207,0.04,0.04,0.0219089023,0.0180910977,0.0619089023
0.06,0.082,0.021908902300207,0.060091097699793,0.103908902300207,0.06,0.064,0.035777087639997,0.028222912360003,0.099777087639997,0.04,0.046,0.021908902300207,0.024091097699793,0.067908902300207,0.04,0.04,0.0219089023,0.0180910977,0.0619089023
0.06,0.09,0.021908902300207,0.068091097699793,0.111908902300207,0.06,0.068,0.035777087639997,0.032222912360003,0.103777087639997,0.04,0.048,0.021908902300207,0.026091097699793,0.069908902300207,0.04,0.042,0.0219089023,0.0200910977,0.0639089023
0.06,0.102,0.021908902300207,0.080091097699793,0.123908902300207,0.06,0.068,0.035777087639997,0.032222912360003,0.103777087639997,0.04,0.05,0.021908902300207,0.028091097699793,0.071908902300207,0.04,0.042,0.0219089023,0.0200910977,0.0639089023
0.06,0.116,0.021908902300207,0.094091097699793,0.137908902300207,0.06,0.076,0.035777087639997,0.040222912360003,0.111777087639997,0.04,0.054,0.021908902300207,0.032091097699793,0.075908902300207,0.04,0.052,0.0219089023,0.0300910977,0.0739089023
0.08,0.126,0.033466401061363,0.092533598938637,0.159466401061363,0.06,0.082,0.035777087639997,0.046222912360003,0.117777087639997,0.04,0.058,0.021908902300207,0.036091097699793,0.079908902300207,0.04,0.058,0.0219089023,0.0360910977,0.0799089023
0.08,0.138,0.033466401061363,0.104533598938637,0.171466401061363,0.06,0.088,0.035777087639997,0.052222912360003,0.123777087639997,0.04,0.062,0.021908902300207,0.040091097699793,0.083908902300207,0.04,0.062,0.0219089023,0.0400910977,0.0839089023
0.08,0.146,0.033466401061363,0.112533598938637,0.179466401061363,0.06,0.096,0.035777087639997,0.060222912360003,0.131777087639997,0.04,0.068,0.021908902300207,0.046091097699793,0.089908902300207,0.04,0.066,0.0219089023,0.0440910977,0.0879089023
0.1,0.16,0.028284271247462,0.131715728752538,0.188284271247462,0.06,0.106,0.035777087639997,0.070222912360003,0.141777087639997,0.06,0.076,0.035777087639997,0.040222912360003,0.111777087639997,0.04,0.074,0.0219089023,0.0520910977,0.0959089023
0.14,0.172,0.045607017003966,0.126392982996034,0.217607017003966,0.08,0.116,0.052153619241621,0.063846380758379,0.168153619241621,0.06,0.082,0.035777087639997,0.046222912360003,0.117777087639997,0.04,0.078,0.0219089023,0.0560910977,0.0999089023
0.1,0.186,0.048989794855664,0.137010205144336,0.234989794855664,0.08,0.128,0.043817804600413,0.084182195399587,0.171817804600413,0.06,0.088,0.035777087639997,0.052222912360003,0.123777087639997,0.04,0.086,0.0219089023,0.0640910977,0.1079089023
0.14,0.21,0.045607017003966,0.164392982996035,0.255607017003966,0.1,0.14,0.056568542494924,0.083431457505076,0.196568542494924,0.06,0.094,0.035777087639997,0.058222912360003,0.129777087639997,0.06,0.092,0.03577708764,0.05622291236,0.12777708764
0.18,0.222,0.043817804600413,0.178182195399587,0.265817804600413,0.06,0.14,0.035777087639997,0.104222912360003,0.175777087639997,0.06,0.106,0.035777087639997,0.070222912360003,0.141777087639997,0.04,0.096,0.0219089023,0.0740910977,0.1179089023
0.2,0.236,0.063245553203368,0.172754446796632,0.299245553203368,0.14,0.154,0.077974354758472,0.076025645241528,0.231974354758472,0.08,0.116,0.052153619241621,0.063846380758379,0.168153619241621,0.14,0.102,0.0219089023,0.0800910977,0.1239089023
0.16,0.24,0.045607017003966,0.194392982996035,0.285607017003966,0.12,0.156,0.071554175279993,0.084445824720007,0.227554175279993,0.08,0.124,0.052153619241621,0.071846380758379,0.176153619241621,0.1,0.1,0.02828427125,0.07171572875,0.12828427125
0.2,0.254,0.048989794855664,0.205010205144336,0.302989794855664,0.12,0.164,0.06572670690062,0.09827329309938,0.22972670690062,0.08,0.13,0.043817804600413,0.086182195399587,0.173817804600413,0.08,0.102,0.03346640106,0.06853359894,0.13546640106
0.16,0.264,0.045607017003966,0.218392982996035,0.309607017003966,0.14,0.174,0.077974354758472,0.096025645241528,0.251974354758472,0.1,0.136,0.056568542494924,0.079431457505076,0.192568542494924,0.08,0.112,0.03346640106,0.07853359894,0.14546640106
0.22,0.276,0.06572670690062,0.21027329309938,0.34172670690062,0.16,0.184,0.087635609200827,0.096364390799174,0.271635609200827,0.12,0.14,0.06572670690062,0.07427329309938,0.20572670690062,0.12,0.118,0.0438178046,0.0741821954,0.1618178046
0.22,0.286,0.052153619241621,0.233846380758379,0.338153619241621,0.16,0.19,0.092086915465771,0.097913084534229,0.282086915465771,0.12,0.152,0.052153619241621,0.099846380758379,0.204153619241621,0.08,0.124,0.03346640106,0.09053359894,0.15746640106
0.28,0.296,0.076941536246685,0.219058463753315,0.372941536246685,0.2,0.194,0.109544511501033,0.084455488498967,0.303544511501033,0.12,0.162,0.071554175279993,0.090445824720007,0.233554175279993,0.12,0.132,0.03346640106,0.09853359894,0.16546640106
0.34,0.298,0.10807404868885,0.18992595131115,0.40607404868885,0.2,0.198,0.113137084989848,0.084862915010152,0.311137084989848,0.12,0.172,0.071554175279993,0.100445824720007,0.243554175279993,0.1,0.138,0.02828427125,0.10971572875,0.16628427125
0.26,0.296,0.07266360849834,0.22333639150166,0.36866360849834,0.1,0.2,0.056568542494924,0.143431457505076,0.256568542494924,0.18,0.182,0.086717933554715,0.095282066445285,0.268717933554715,0.1,0.144,0.02828427125,0.11571572875,0.17228427125
0.32,0.3,0.103537432844358,0.196462567155642,0.403537432844358,0.2,0.21,0.113137084989848,0.096862915010152,0.323137084989848,0.16,0.184,0.066932802122726,0.117067197877274,0.250932802122726,0.1,0.15,0.04,0.11,0.19
0.24,0.3,0.07266360849834,0.22733639150166,0.37266360849834,0.16,0.212,0.087635609200827,0.124364390799173,0.299635609200827,0.16,0.19,0.066932802122726,0.123067197877274,0.256932802122726,0.12,0.164,0.0438178046,0.1201821954,0.2078178046
0.3,0.308,0.084852813742386,0.223147186257614,0.392852813742386,0.2,0.218,0.109544511501033,0.108455488498967,0.327544511501033,0.14,0.198,0.077974354758472,0.120025645241528,0.275974354758472,0.12,0.17,0.03346640106,0.13653359894,0.20346640106
0.3,0.314,0.089442719099992,0.224557280900008,0.403442719099991,0.22,0.222,0.121326007104825,0.100673992895175,0.343326007104825,0.14,0.206,0.066932802122726,0.139067197877274,0.272932802122726,0.18,0.182,0.01788854382,0.16411145618,0.19988854382
0.28,0.324,0.076941536246685,0.247058463753315,0.400941536246685,0.24,0.224,0.115238882327103,0.108761117672897,0.339238882327104,0.14,0.21,0.066932802122726,0.143067197877274,0.276932802122726,0.14,0.184,0.03577708764,0.14822291236,0.21977708764
0.32,0.33,0.103537432844358,0.226462567155642,0.433537432844358,0.22,0.222,0.121326007104825,0.100673992895175,0.343326007104825,0.24,0.224,0.092086915465771,0.131913084534229,0.316086915465771,0.18,0.19,0.03346640106,0.15653359894,0.22346640106
0.32,0.33,0.114542568506211,0.215457431493789,0.444542568506211,0.2,0.232,0.093808315196469,0.138191684803531,0.325808315196469,0.22,0.224,0.091214034007931,0.132785965992069,0.315214034007931,0.16,0.196,0.045607017,0.150392983,0.241607017
0.3,0.336,0.074833147735479,0.261166852264521,0.410833147735479,0.24,0.238,0.115238882327103,0.122761117672897,0.353238882327103,0.22,0.224,0.091214034007931,0.132785965992069,0.315214034007931,0.18,0.206,0.03346640106,0.17253359894,0.23946640106
0.32,0.346,0.103537432844358,0.242462567155642,0.449537432844358,0.22,0.238,0.086717933554715,0.151282066445285,0.324717933554715,0.22,0.228,0.091214034007931,0.136785965992069,0.319214034007931,0.16,0.21,0.0219089023,0.1880910977,0.2319089023
0.3,0.352,0.105830052442584,0.246169947557416,0.457830052442584,0.2,0.246,0.093808315196469,0.152191684803531,0.339808315196469,0.2,0.226,0.093808315196469,0.132191684803531,0.319808315196469,0.16,0.218,0.06066300355,0.15733699645,0.27866300355
0.32,0.362,0.095498691090507,0.266501308909493,0.457498691090507,0.22,0.254,0.103537432844358,0.150462567155642,0.357537432844358,0.22,0.232,0.086717933554715,0.145282066445285,0.318717933554715,0.24,0.224,0.06066300355,0.16333699645,0.28466300355
0.32,0.368,0.110995495404093,0.257004504595907,0.478995495404093,0.22,0.262,0.10733126291999,0.15466873708001,0.36933126291999,0.24,0.236,0.092086915465771,0.143913084534229,0.328086915465771,0.18,0.224,0.07694153625,0.14705846375,0.30094153625
0.36,0.38,0.104307238483242,0.275692761516758,0.484307238483242,0.24,0.276,0.115238882327103,0.160761117672896,0.391238882327103,0.22,0.238,0.091214034007931,0.146785965992069,0.329214034007931,0.24,0.232,0.06066300355,0.17133699645,0.29266300355
0.4,0.384,0.089442719099992,0.294557280900008,0.473442719099992,0.24,0.29,0.115238882327103,0.174761117672897,0.405238882327104,0.18,0.242,0.081975606127677,0.160024393872323,0.323975606127677,0.2,0.228,0.05656854249,0.17143145751,0.28456854249
0.34,0.384,0.10807404868885,0.27592595131115,0.49207404868885,0.22,0.304,0.09959919678391,0.20440080321609,0.40359919678391,0.28,0.246,0.076941536246685,0.169058463753315,0.322941536246685,0.2,0.232,0.05656854249,0.17543145751,0.28856854249
0.32,0.394,0.091214034007931,0.302785965992069,0.485214034007931,0.32,0.324,0.110995495404093,0.213004504595907,0.434995495404093,0.24,0.246,0.082945765413311,0.163054234586689,0.328945765413311,0.24,0.236,0.06066300355,0.17533699645,0.29666300355
0.38,0.402,0.091214034007931,0.310785965992069,0.493214034007931,0.26,0.326,0.111713920350152,0.214286079649848,0.437713920350152,0.22,0.25,0.059329587896765,0.190670412103235,0.309329587896765,0.26,0.24,0.05366563146,0.18633436854,0.29366563146
0.4,0.4,0.089442719099992,0.310557280900008,0.489442719099992,0.24,0.34,0.100399203184089,0.239600796815911,0.440399203184089,0.26,0.252,0.066932802122726,0.185067197877274,0.318932802122726,0.22,0.242,0.03346640106,0.20853359894,0.27546640106
0.38,0.398,0.091214034007931,0.306785965992069,0.489214034007931,0.3,0.356,0.093808315196469,0.262191684803531,0.449808315196469,0.2,0.252,0.063245553203368,0.188754446796632,0.315245553203368,0.24,0.246,0.045607017,0.200392983,0.291607017
0.4,0.4,0.08,0.32,0.48,0.28,0.364,0.095498691090507,0.268501308909493,0.459498691090507,0.26,0.256,0.066932802122726,0.189067197877274,0.322932802122726,0.22,0.248,0.0438178046,0.2041821954,0.2918178046
0.38,0.402,0.091214034007931,0.310785965992069,0.493214034007931,0.3,0.374,0.093808315196469,0.280191684803531,0.467808315196469,0.26,0.254,0.066932802122726,0.187067197877274,0.320932802122726,0.24,0.252,0.06066300355,0.19133699645,0.31266300355
0.44,0.406,0.066932802122726,0.339067197877274,0.472932802122726,0.36,0.382,0.092086915465771,0.289913084534229,0.474086915465771,0.26,0.25,0.077974354758472,0.172025645241528,0.327974354758472,0.26,0.254,0.06066300355,0.19333699645,0.31466300355
0.4,0.4,0.08,0.32,0.48,0.38,0.384,0.091214034007931,0.292785965992069,0.475214034007931,0.26,0.252,0.07266360849834,0.17933639150166,0.32466360849834,0.2,0.262,0.0632455532,0.1987544468,0.3252455532
0.4,0.404,0.084852813742386,0.319147186257614,0.488852813742386,0.38,0.392,0.091214034007931,0.300785965992069,0.483214034007931,0.22,0.252,0.059329587896765,0.192670412103235,0.311329587896765,0.24,0.276,0.06066300355,0.21533699645,0.33666300355
0.44,0.402,0.07266360849834,0.32933639150166,0.47466360849834,0.42,0.396,0.081975606127677,0.314024393872323,0.477975606127677,0.28,0.256,0.076941536246685,0.179058463753315,0.332941536246685,0.24,0.28,0.06066300355,0.21933699645,0.34066300355
0.4,0.402,0.08,0.322,0.482,0.34,0.398,0.111713920350152,0.286286079649848,0.509713920350151,0.28,0.256,0.076941536246685,0.179058463753315,0.332941536246685,0.28,0.286,0.05215361924,0.23384638076,0.33815361924
0.36,0.406,0.087635609200827,0.318364390799173,0.493635609200827,0.4,0.41,0.08,0.33,0.49,0.24,0.258,0.082945765413311,0.175054234586689,0.340945765413311,0.28,0.284,0.05215361924,0.23184638076,0.33615361924
0.38,0.416,0.091214034007931,0.324785965992069,0.507214034007931,0.4,0.418,0.08,0.338,0.498,0.26,0.262,0.077974354758472,0.184025645241528,0.339974354758472,0.26,0.284,0.05366563146,0.23033436854,0.33766563146
0.4,0.428,0.063245553203368,0.364754446796632,0.491245553203368,0.38,0.424,0.09959919678391,0.32440080321609,0.52359919678391,0.24,0.264,0.077974354758472,0.186025645241528,0.341974354758472,0.26,0.288,0.05366563146,0.23433436854,0.34166563146
0.42,0.438,0.076941536246685,0.361058463753315,0.514941536246685,0.38,0.436,0.103537432844358,0.332462567155642,0.539537432844358,0.24,0.268,0.07266360849834,0.19533639150166,0.34066360849834,0.26,0.294,0.0876356092,0.2063643908,0.3816356092
0.42,0.446,0.086717933554715,0.359282066445285,0.532717933554715,0.38,0.448,0.103537432844358,0.344462567155642,0.551537432844358,0.22,0.268,0.091214034007931,0.176785965992069,0.359214034007931,0.26,0.3,0.06066300355,0.23933699645,0.36066300355
0.38,0.452,0.076941536246685,0.375058463753315,0.528941536246686,0.38,0.456,0.10733126291999,0.34866873708001,0.56333126291999,0.28,0.274,0.076941536246685,0.197058463753315,0.350941536246685,0.34,0.298,0.06066300355,0.23733699645,0.35866300355
0.44,0.464,0.07266360849834,0.39133639150166,0.53666360849834,0.46,0.47,0.082945765413311,0.387054234586689,0.552945765413311,0.26,0.278,0.07266360849834,0.20533639150166,0.35066360849834,0.34,0.296,0.06066300355,0.23533699645,0.35666300355
0.38,0.47,0.091214034007931,0.378785965992069,0.561214034007931,0.42,0.472,0.081975606127677,0.390024393872323,0.553975606127677,0.26,0.282,0.082945765413311,0.199054234586689,0.364945765413311,0.28,0.294,0.07694153625,0.21705846375,0.37094153625
0.44,0.478,0.077974354758472,0.400025645241528,0.555974354758472,0.44,0.48,0.096332756630338,0.383667243369662,0.576332756630338,0.28,0.284,0.076941536246685,0.207058463753315,0.360941536246685,0.3,0.3,0.07483314774,0.22516685226,0.37483314774
0.44,0.476,0.066932802122726,0.409067197877274,0.542932802122726,0.46,0.486,0.104307238483242,0.381692761516758,0.590307238483242,0.3,0.29,0.074833147735479,0.215166852264521,0.364833147735479,0.26,0.302,0.07797435476,0.22402564524,0.37997435476
0.46,0.476,0.045607017003966,0.430392982996034,0.521607017003965,0.48,0.492,0.052153619241621,0.439846380758379,0.544153619241621,0.28,0.292,0.076941536246685,0.215058463753315,0.368941536246685,0.28,0.308,0.05215361924,0.25584638076,0.36015361924
0.5,0.482,0.048989794855664,0.433010205144336,0.530989794855663,0.46,0.492,0.082945765413311,0.409054234586689,0.574945765413311,0.28,0.292,0.076941536246685,0.215058463753315,0.368941536246685,0.3,0.316,0.04898979486,0.26701020514,0.36498979486
0.5,0.482,0.048989794855664,0.433010205144337,0.530989794855664,0.5,0.496,0.048989794855664,0.447010205144336,0.544989794855664,0.28,0.298,0.076941536246685,0.221058463753315,0.374941536246685,0.32,0.322,0.0438178046,0.2781821954,0.3658178046
0.5,0.482,0.056568542494924,0.425431457505076,0.538568542494924,0.5,0.5,0.069282032302755,0.430717967697245,0.569282032302755,0.24,0.302,0.082945765413311,0.219054234586689,0.384945765413311,0.32,0.322,0.0438178046,0.2781821954,0.3658178046
0.48,0.482,0.059329587896765,0.422670412103235,0.541329587896765,0.46,0.506,0.077974354758472,0.428025645241528,0.583974354758472,0.28,0.316,0.076941536246685,0.239058463753315,0.392941536246685,0.24,0.33,0.0726636085,0.2573363915,0.4026636085
0.5,0.486,0.048989794855664,0.437010205144336,0.534989794855663,0.52,0.518,0.052153619241621,0.465846380758379,0.570153619241621,0.32,0.324,0.059329587896765,0.264670412103235,0.383329587896765,0.32,0.338,0.0438178046,0.2941821954,0.3818178046
0.5,0.486,0.048989794855664,0.437010205144337,0.534989794855664,0.48,0.518,0.071554175279993,0.446445824720007,0.589554175279993,0.3,0.326,0.074833147735479,0.251166852264521,0.400833147735479,0.32,0.34,0.0657267069,0.2742732931,0.4057267069
0.46,0.486,0.07266360849834,0.41333639150166,0.55866360849834,0.5,0.524,0.069282032302755,0.454717967697245,0.593282032302755,0.28,0.33,0.076941536246685,0.253058463753314,0.406941536246685,0.34,0.336,0.06066300355,0.27533699645,0.39666300355
0.42,0.49,0.06572670690062,0.42427329309938,0.55572670690062,0.5,0.524,0.069282032302755,0.454717967697245,0.593282032302755,0.34,0.338,0.082945765413311,0.255054234586689,0.420945765413311,0.32,0.336,0.0657267069,0.2702732931,0.4017267069
0.44,0.502,0.066932802122726,0.435067197877274,0.568932802122726,0.52,0.532,0.076941536246685,0.455058463753315,0.608941536246685,0.32,0.344,0.071554175279993,0.272445824720007,0.415554175279993,0.32,0.338,0.0657267069,0.2722732931,0.4037267069
0.52,0.506,0.043817804600413,0.462182195399587,0.549817804600413,0.48,0.538,0.086717933554715,0.451282066445285,0.624717933554715,0.28,0.348,0.071554175279993,0.276445824720007,0.419554175279993,0.36,0.338,0.06066300355,0.27733699645,0.39866300355
0.5,0.506,0.048989794855664,0.457010205144336,0.554989794855664,0.5,0.548,0.069282032302755,0.478717967697245,0.617282032302755,0.34,0.356,0.066932802122726,0.289067197877274,0.422932802122726,0.36,0.34,0.0726636085,0.2673363915,0.4126636085
0.5,0.51,0.04,0.47,0.55,0.54,0.558,0.053665631459995,0.504334368540005,0.611665631459995,0.32,0.36,0.052153619241621,0.307846380758379,0.412153619241621,0.32,0.336,0.07694153625,0.25905846375,0.41294153625
0.5,0.512,0.048989794855664,0.463010205144336,0.560989794855663,0.56,0.562,0.082945765413311,0.479054234586689,0.644945765413311,0.38,0.366,0.043817804600413,0.322182195399587,0.409817804600413,0.4,0.338,0.0632455532,0.2747544468,0.4012455532
0.52,0.516,0.043817804600413,0.472182195399587,0.559817804600413,0.58,0.562,0.06572670690062,0.49627329309938,0.62772670690062,0.36,0.366,0.053665631459995,0.312334368540005,0.419665631459995,0.32,0.328,0.07694153625,0.25105846375,0.40494153625
0.5,0.52,0.056568542494924,0.463431457505076,0.576568542494924,0.52,0.564,0.052153619241621,0.511846380758379,0.616153619241621,0.34,0.37,0.066932802122726,0.303067197877274,0.436932802122726,0.34,0.326,0.08294576541,0.24305423459,0.40894576541
0.5,0.526,0.048989794855664,0.477010205144336,0.574989794855664,0.54,0.572,0.060663003552412,0.511336996447588,0.632663003552412,0.34,0.374,0.045607017003966,0.328392982996034,0.419607017003965,0.28,0.326,0.08197560613,0.24402439387,0.40797560613
0.5,0.532,0.048989794855664,0.483010205144336,0.580989794855663,0.5,0.574,0.089442719099992,0.484557280900008,0.663442719099992,0.36,0.378,0.053665631459995,0.324334368540005,0.431665631459995,0.34,0.33,0.0726636085,0.2573363915,0.4026636085
0.54,0.538,0.035777087639997,0.502222912360003,0.573777087639997,0.58,0.584,0.091214034007931,0.492785965992069,0.675214034007931,0.4,0.382,0.04,0.342,0.422,0.34,0.326,0.06693280212,0.25906719788,0.39293280212
0.48,0.534,0.059329587896765,0.474670412103235,0.593329587896765,0.58,0.588,0.091214034007931,0.496785965992069,0.679214034007931,0.36,0.38,0.053665631459995,0.326334368540005,0.433665631459995,0.32,0.332,0.0657267069,0.2662732931,0.3977267069
0.52,0.538,0.043817804600413,0.494182195399587,0.581817804600413,0.58,0.592,0.091214034007931,0.500785965992069,0.683214034007931,0.36,0.38,0.035777087639997,0.344222912360003,0.415777087639997,0.38,0.336,0.0657267069,0.2702732931,0.4017267069
0.54,0.542,0.035777087639997,0.506222912360003,0.577777087639997,0.6,0.598,0.074833147735479,0.523166852264521,0.672833147735479,0.38,0.384,0.043817804600413,0.340182195399587,0.427817804600413,0.32,0.334,0.0657267069,0.2682732931,0.3997267069
0.52,0.544,0.043817804600413,0.500182195399587,0.587817804600413,0.58,0.598,0.091214034007931,0.506785965992069,0.689214034007931,0.38,0.382,0.043817804600413,0.338182195399587,0.425817804600413,0.34,0.336,0.06693280212,0.26906719788,0.40293280212
0.54,0.544,0.035777087639997,0.508222912360003,0.579777087639997,0.56,0.602,0.092086915465771,0.509913084534229,0.694086915465771,0.38,0.382,0.043817804600413,0.338182195399587,0.425817804600413,0.3,0.334,0.0692820323,0.2647179677,0.4032820323
0.56,0.548,0.035777087639997,0.512222912360003,0.583777087639997,0.6,0.606,0.074833147735479,0.531166852264521,0.680833147735479,0.4,0.384,0.04,0.344,0.424,0.3,0.342,0.0692820323,0.2727179677,0.4112820323
0.56,0.55,0.035777087639997,0.514222912360003,0.585777087639997,0.6,0.608,0.074833147735479,0.533166852264521,0.682833147735479,0.38,0.384,0.043817804600413,0.340182195399587,0.427817804600413,0.34,0.348,0.06693280212,0.28106719788,0.41493280212
0.56,0.55,0.035777087639997,0.514222912360003,0.585777087639997,0.56,0.61,0.092086915465771,0.517913084534229,0.702086915465771,0.38,0.388,0.052153619241621,0.335846380758379,0.440153619241621,0.32,0.35,0.07155417528,0.27844582472,0.42155417528
0.56,0.554,0.035777087639997,0.518222912360003,0.589777087639997,0.6,0.614,0.074833147735479,0.539166852264521,0.688833147735479,0.4,0.39,0.04,0.35,0.43,0.3,0.352,0.0692820323,0.2827179677,0.4212820323
0.5,0.556,0.063245553203368,0.492754446796632,0.619245553203368,0.62,0.62,0.059329587896765,0.560670412103235,0.679329587896765,0.38,0.388,0.043817804600413,0.344182195399587,0.431817804600413,0.4,0.36,0.08,0.28,0.44
0.52,0.564,0.059329587896765,0.504670412103235,0.623329587896765,0.62,0.622,0.059329587896765,0.562670412103235,0.681329587896765,0.36,0.39,0.053665631459995,0.336334368540005,0.443665631459995,0.36,0.356,0.0726636085,0.2833363915,0.4286636085
0.56,0.568,0.035777087639997,0.532222912360003,0.603777087639997,0.64,0.626,0.045607017003966,0.580392982996034,0.671607017003965,0.4,0.392,0.04,0.352,0.432,0.36,0.358,0.0726636085,0.2853363915,0.4306636085
0.56,0.57,0.035777087639997,0.534222912360003,0.605777087639997,0.6,0.628,0.074833147735479,0.553166852264521,0.702833147735479,0.36,0.388,0.053665631459995,0.334334368540005,0.441665631459995,0.34,0.36,0.06693280212,0.29306719788,0.42693280212
0.52,0.572,0.033466401061363,0.538533598938637,0.605466401061363,0.62,0.632,0.059329587896765,0.572670412103235,0.691329587896765,0.38,0.388,0.043817804600413,0.344182195399587,0.431817804600413,0.32,0.366,0.08671793355,0.27928206645,0.45271793355
0.58,0.574,0.033466401061363,0.540533598938637,0.607466401061363,0.6,0.632,0.074833147735479,0.557166852264521,0.706833147735479,0.4,0.388,0.04,0.348,0.428,0.38,0.374,0.0657267069,0.3082732931,0.4397267069
0.58,0.574,0.033466401061363,0.540533598938637,0.607466401061363,0.62,0.636,0.059329587896765,0.576670412103235,0.695329587896765,0.4,0.388,0.04,0.348,0.428,0.36,0.37,0.0726636085,0.2973363915,0.4426636085
0.56,0.576,0.035777087639997,0.540222912360003,0.611777087639997,0.62,0.64,0.059329587896765,0.580670412103235,0.699329587896765,0.42,0.39,0.033466401061363,0.356533598938637,0.423466401061363,0.36,0.368,0.06066300355,0.30733699645,0.42866300355
0.6,0.582,0.028284271247462,0.553715728752538,0.610284271247462,0.6,0.644,0.074833147735479,0.569166852264521,0.718833147735479,0.4,0.388,0.04,0.348,0.428,0.34,0.37,0.06693280212,0.30306719788,0.43693280212
0.58,0.584,0.033466401061363,0.550533598938637,0.617466401061363,0.66,0.65,0.035777087639997,0.614222912360003,0.685777087639997,0.38,0.386,0.043817804600413,0.342182195399587,0.429817804600413,0.38,0.376,0.0657267069,0.3102732931,0.4417267069
0.58,0.588,0.043817804600413,0.544182195399587,0.631817804600413,0.64,0.648,0.045607017003966,0.602392982996034,0.693607017003965,0.4,0.388,0.04,0.348,0.428,0.36,0.376,0.06066300355,0.31533699645,0.43666300355
0.56,0.592,0.045607017003966,0.546392982996035,0.637607017003966,0.66,0.648,0.035777087639997,0.612222912360003,0.683777087639997,0.38,0.39,0.043817804600413,0.346182195399587,0.433817804600413,0.38,0.378,0.0657267069,0.3122732931,0.4437267069
0.58,0.598,0.033466401061363,0.564533598938637,0.631466401061363,0.66,0.648,0.035777087639997,0.612222912360003,0.683777087639997,0.36,0.394,0.053665631459995,0.340334368540005,0.447665631459995,0.38,0.382,0.0657267069,0.3162732931,0.4477267069
0.58,0.6,0.033466401061363,0.566533598938637,0.633466401061363,0.64,0.648,0.045607017003966,0.602392982996034,0.693607017003965,0.36,0.396,0.053665631459995,0.342334368540005,0.449665631459995,0.4,0.384,0.0632455532,0.3207544468,0.4472455532
0.54,0.604,0.035777087639997,0.568222912360003,0.639777087639997,0.62,0.65,0.059329587896765,0.590670412103235,0.709329587896765,0.38,0.402,0.052153619241621,0.349846380758379,0.454153619241621,0.4,0.384,0.0632455532,0.3207544468,0.4472455532
0.58,0.614,0.033466401061363,0.580533598938637,0.647466401061363,0.64,0.654,0.045607017003966,0.608392982996034,0.699607017003966,0.4,0.406,0.048989794855664,0.357010205144336,0.454989794855664,0.34,0.386,0.06693280212,0.31906719788,0.45293280212
0.6,0.618,0.048989794855664,0.569010205144336,0.666989794855664,0.66,0.654,0.035777087639997,0.618222912360003,0.689777087639997,0.42,0.41,0.033466401061363,0.376533598938637,0.443466401061363,0.34,0.39,0.06693280212,0.32306719788,0.45693280212
0.62,0.622,0.043817804600413,0.578182195399587,0.665817804600413,0.66,0.652,0.035777087639997,0.616222912360003,0.687777087639997,0.4,0.41,0.028284271247462,0.381715728752538,0.438284271247462,0.38,0.394,0.0657267069,0.3282732931,0.4597267069
0.62,0.624,0.043817804600413,0.580182195399587,0.667817804600413,0.66,0.65,0.035777087639997,0.614222912360003,0.685777087639997,0.38,0.41,0.052153619241621,0.357846380758379,0.462153619241621,0.4,0.392,0.05656854249,0.33543145751,0.44856854249
0.62,0.626,0.052153619241621,0.573846380758379,0.678153619241621,0.64,0.648,0.045607017003966,0.602392982996034,0.693607017003965,0.4,0.416,0.04,0.376,0.456,0.38,0.392,0.0657267069,0.3262732931,0.4577267069
0.62,0.626,0.052153619241621,0.573846380758379,0.678153619241621,0.64,0.646,0.045607017003966,0.600392982996034,0.691607017003965,0.42,0.42,0.033466401061363,0.386533598938637,0.453466401061363,0.38,0.394,0.0657267069,0.3282732931,0.4597267069
0.62,0.628,0.033466401061363,0.594533598938637,0.661466401061363,0.66,0.648,0.035777087639997,0.612222912360003,0.683777087639997,0.42,0.422,0.033466401061363,0.388533598938637,0.455466401061363,0.42,0.39,0.0593295879,0.3306704121,0.4493295879
0.6,0.628,0.028284271247462,0.599715728752538,0.656284271247462,0.66,0.646,0.035777087639997,0.610222912360003,0.681777087639997,0.38,0.422,0.052153619241621,0.369846380758379,0.474153619241621,0.4,0.382,0.0632455532,0.3187544468,0.4452455532
0.62,0.63,0.033466401061363,0.596533598938637,0.663466401061363,0.66,0.644,0.035777087639997,0.608222912360003,0.679777087639997,0.42,0.428,0.033466401061363,0.394533598938637,0.461466401061363,0.4,0.382,0.05656854249,0.32543145751,0.43856854249
0.64,0.632,0.045607017003966,0.586392982996034,0.677607017003965,0.66,0.642,0.035777087639997,0.606222912360003,0.677777087639997,0.42,0.428,0.033466401061363,0.394533598938637,0.461466401061363,0.42,0.384,0.0593295879,0.3246704121,0.4433295879
0.62,0.63,0.043817804600413,0.586182195399587,0.673817804600413,0.64,0.64,0.045607017003966,0.594392982996034,0.685607017003965,0.44,0.428,0.035777087639997,0.392222912360003,0.463777087639997,0.38,0.386,0.0593295879,0.3266704121,0.4453295879
0.64,0.626,0.045607017003966,0.580392982996034,0.671607017003965,0.64,0.642,0.045607017003966,0.596392982996034,0.687607017003965,0.42,0.428,0.033466401061363,0.394533598938637,0.461466401061363,0.38,0.386,0.0657267069,0.3202732931,0.4517267069
0.64,0.622,0.045607017003966,0.576392982996034,0.667607017003965,0.64,0.644,0.045607017003966,0.598392982996034,0.689607017003965,0.4,0.43,0.048989794855664,0.381010205144336,0.478989794855664,0.36,0.386,0.0726636085,0.3133363915,0.4586636085
0.64,0.62,0.045607017003966,0.574392982996034,0.665607017003965,0.64,0.646,0.045607017003966,0.600392982996034,0.691607017003965,0.44,0.428,0.021908902300207,0.406091097699793,0.449908902300207,0.4,0.386,0.0632455532,0.3227544468,0.4492455532
0.62,0.616,0.033466401061363,0.582533598938637,0.649466401061363,0.62,0.646,0.052153619241621,0.593846380758379,0.698153619241621,0.44,0.428,0.021908902300207,0.406091097699793,0.449908902300207,0.4,0.384,0.0632455532,0.3207544468,0.4472455532
0.64,0.618,0.045607017003966,0.572392982996034,0.663607017003965,0.66,0.65,0.035777087639997,0.614222912360003,0.685777087639997,0.44,0.428,0.021908902300207,0.406091097699793,0.449908902300207,0.34,0.382,0.07797435476,0.30402564524,0.45997435476
0.62,0.616,0.033466401061363,0.582533598938637,0.649466401061363,0.64,0.648,0.045607017003966,0.602392982996034,0.693607017003965,0.42,0.424,0.033466401061363,0.390533598938637,0.457466401061363,0.34,0.384,0.05366563146,0.33033436854,0.43766563146
0.62,0.616,0.059329587896765,0.556670412103235,0.675329587896765,0.64,0.65,0.045607017003966,0.604392982996034,0.695607017003966,0.44,0.428,0.035777087639997,0.392222912360003,0.463777087639997,0.4,0.39,0.0632455532,0.3267544468,0.4532455532
0.64,0.618,0.045607017003966,0.572392982996034,0.663607017003965,0.64,0.652,0.045607017003966,0.606392982996034,0.697607017003965,0.42,0.428,0.033466401061363,0.394533598938637,0.461466401061363,0.42,0.388,0.07155417528,0.31644582472,0.45955417528
0.62,0.616,0.033466401061363,0.582533598938637,0.649466401061363,0.64,0.654,0.045607017003966,0.608392982996034,0.699607017003966,0.42,0.432,0.033466401061363,0.398533598938637,0.465466401061363,0.44,0.386,0.06693280212,0.31906719788,0.45293280212
0.58,0.618,0.033466401061363,0.584533598938637,0.651466401061363,0.66,0.656,0.035777087639997,0.620222912360003,0.691777087639997,0.44,0.434,0.021908902300207,0.412091097699793,0.455908902300207,0.38,0.382,0.07155417528,0.31044582472,0.45355417528
0.6,0.624,0.028284271247462,0.595715728752538,0.652284271247462,0.66,0.654,0.035777087639997,0.618222912360003,0.689777087639997,0.44,0.438,0.035777087639997,0.402222912360003,0.473777087639997,0.38,0.386,0.08197560613,0.30402439387,0.46797560613
0.62,0.628,0.043817804600413,0.584182195399587,0.671817804600413,0.66,0.654,0.035777087639997,0.618222912360003,0.689777087639997,0.38,0.438,0.052153619241621,0.385846380758379,0.490153619241621,0.36,0.392,0.0726636085,0.3193363915,0.4646636085
0.6,0.63,0.04,0.59,0.67,0.64,0.656,0.045607017003966,0.610392982996034,0.701607017003965,0.44,0.448,0.021908902300207,0.426091097699793,0.469908902300207,0.38,0.396,0.0657267069,0.3302732931,0.4617267069
0.64,0.634,0.045607017003966,0.588392982996034,0.679607017003965,0.66,0.658,0.035777087639997,0.622222912360003,0.693777087639997,0.44,0.448,0.021908902300207,0.426091097699793,0.469908902300207,0.38,0.396,0.0593295879,0.3366704121,0.4553295879
0.62,0.632,0.043817804600413,0.588182195399587,0.675817804600413,0.64,0.658,0.045607017003966,0.612392982996034,0.703607017003966,0.4,0.45,0.04,0.41,0.49,0.36,0.398,0.06066300355,0.33733699645,0.45866300355
0.62,0.634,0.043817804600413,0.590182195399587,0.677817804600413,0.66,0.66,0.035777087639997,0.624222912360003,0.695777087639997,0.46,0.456,0.021908902300207,0.434091097699793,0.477908902300207,0.4,0.402,0.0632455532,0.3387544468,0.4652455532
0.64,0.636,0.045607017003966,0.590392982996034,0.681607017003965,0.66,0.66,0.035777087639997,0.624222912360003,0.695777087639997,0.44,0.456,0.021908902300207,0.434091097699793,0.477908902300207,0.38,0.406,0.07155417528,0.33444582472,0.47755417528
0.62,0.636,0.033466401061363,0.602533598938637,0.669466401061363,0.66,0.66,0.035777087639997,0.624222912360003,0.695777087639997,0.46,0.458,0.021908902300207,0.436091097699793,0.479908902300207,0.4,0.41,0.0632455532,0.3467544468,0.4732455532
0.64,0.638,0.045607017003966,0.592392982996034,0.683607017003965,0.66,0.66,0.035777087639997,0.624222912360003,0.695777087639997,0.44,0.458,0.021908902300207,0.436091097699793,0.479908902300207,0.4,0.414,0.0632455532,0.3507544468,0.4772455532
0.64,0.638,0.045607017003966,0.592392982996034,0.683607017003965,0.64,0.66,0.045607017003966,0.614392982996035,0.705607017003966,0.48,0.46,0.017888543819998,0.442111456180002,0.477888543819998,0.42,0.416,0.07155417528,0.34444582472,0.48755417528
0.64,0.634,0.045607017003966,0.588392982996034,0.679607017003965,0.66,0.662,0.035777087639997,0.626222912360004,0.697777087639997,0.44,0.458,0.021908902300207,0.436091097699793,0.479908902300207,0.44,0.416,0.06693280212,0.34906719788,0.48293280212
0.64,0.632,0.045607017003966,0.586392982996034,0.677607017003966,0.68,0.662,0.033466401061363,0.628533598938637,0.695466401061363,0.48,0.462,0.017888543819998,0.444111456180002,0.479888543819998,0.4,0.414,0.0632455532,0.3507544468,0.4772455532
0.64,0.63,0.045607017003966,0.584392982996035,0.675607017003966,0.66,0.66,0.035777087639997,0.624222912360003,0.695777087639997,0.44,0.462,0.035777087639997,0.426222912360003,0.497777087639997,0.38,0.414,0.0593295879,0.3546704121,0.4733295879
0.62,0.628,0.043817804600413,0.584182195399587,0.671817804600413,0.66,0.66,0.035777087639997,0.624222912360003,0.695777087639997,0.46,0.466,0.021908902300207,0.444091097699793,0.487908902300207,0.4,0.416,0.08,0.336,0.496
0.64,0.626,0.045607017003966,0.580392982996035,0.671607017003966,0.66,0.66,0.035777087639997,0.624222912360003,0.695777087639997,0.46,0.468,0.035777087639997,0.432222912360003,0.503777087639997,0.4,0.42,0.05656854249,0.36343145751,0.47656854249
0.64,0.624,0.045607017003966,0.578392982996034,0.669607017003966,0.66,0.66,0.035777087639997,0.624222912360003,0.695777087639997,0.46,0.468,0.021908902300207,0.446091097699793,0.489908902300207,0.44,0.42,0.06693280212,0.35306719788,0.48693280212
0.64,0.622,0.045607017003966,0.576392982996034,0.667607017003965,0.66,0.66,0.035777087639997,0.624222912360003,0.695777087639997,0.46,0.468,0.021908902300207,0.446091097699793,0.489908902300207,0.42,0.416,0.0593295879,0.3566704121,0.4753295879
0.64,0.622,0.045607017003966,0.576392982996034,0.667607017003965,0.66,0.658,0.035777087639997,0.622222912360003,0.693777087639997,0.46,0.466,0.021908902300207,0.444091097699793,0.487908902300207,0.44,0.416,0.06693280212,0.34906719788,0.48293280212
0.64,0.622,0.045607017003966,0.576392982996034,0.667607017003965,0.66,0.658,0.035777087639997,0.622222912360003,0.693777087639997,0.46,0.466,0.021908902300207,0.444091097699793,0.487908902300207,0.42,0.416,0.07155417528,0.34444582472,0.48755417528
0.6,0.622,0.048989794855664,0.573010205144336,0.670989794855663,0.66,0.658,0.035777087639997,0.622222912360003,0.693777087639997,0.46,0.464,0.021908902300207,0.442091097699793,0.485908902300207,0.42,0.414,0.07155417528,0.34244582472,0.48555417528
0.62,0.624,0.043817804600413,0.580182195399587,0.667817804600413,0.66,0.658,0.035777087639997,0.622222912360003,0.693777087639997,0.48,0.462,0.017888543819998,0.444111456180002,0.479888543819998,0.42,0.416,0.0593295879,0.3566704121,0.4753295879
0.62,0.622,0.059329587896765,0.562670412103235,0.681329587896765,0.66,0.658,0.035777087639997,0.622222912360003,0.693777087639997,0.48,0.458,0.017888543819998,0.440111456180002,0.475888543819998,0.4,0.418,0.0632455532,0.3547544468,0.4812455532
0.62,0.62,0.043817804600413,0.576182195399587,0.663817804600413,0.66,0.658,0.035777087639997,0.622222912360003,0.693777087639997,0.48,0.456,0.017888543819998,0.438111456180002,0.473888543819998,0.4,0.418,0.07483314774,0.34316685226,0.49283314774
0.6,0.618,0.048989794855664,0.569010205144336,0.666989794855664,0.66,0.658,0.035777087639997,0.622222912360003,0.693777087639997,0.48,0.452,0.017888543819998,0.434111456180002,0.469888543819998,0.44,0.418,0.06693280212,0.35106719788,0.48493280212
0.62,0.62,0.033466401061363,0.586533598938637,0.653466401061363,0.66,0.658,0.035777087639997,0.622222912360003,0.693777087639997,0.46,0.448,0.021908902300207,0.426091097699793,0.469908902300207,0.4,0.414,0.0632455532,0.3507544468,0.4772455532
0.62,0.62,0.043817804600413,0.576182195399587,0.663817804600413,0.66,0.658,0.035777087639997,0.622222912360003,0.693777087639997,0.46,0.45,0.021908902300207,0.428091097699793,0.471908902300207,0.4,0.416,0.0632455532,0.3527544468,0.4792455532
0.64,0.622,0.045607017003966,0.576392982996034,0.667607017003965,0.64,0.658,0.045607017003966,0.612392982996034,0.703607017003966,0.44,0.446,0.035777087639997,0.410222912360003,0.481777087639997,0.42,0.414,0.07155417528,0.34244582472,0.48555417528
0.64,0.62,0.045607017003966,0.574392982996034,0.665607017003966,0.66,0.66,0.035777087639997,0.624222912360003,0.695777087639997,0.46,0.446,0.021908902300207,0.424091097699793,0.467908902300207,0.44,0.406,0.06693280212,0.33906719788,0.47293280212
0.64,0.618,0.045607017003966,0.572392982996034,0.663607017003965,0.66,0.66,0.035777087639997,0.624222912360003,0.695777087639997,0.44,0.446,0.021908902300207,0.424091097699793,0.467908902300207,0.4,0.4,0.05656854249,0.34343145751,0.45656854249
0.62,0.616,0.043817804600413,0.572182195399587,0.659817804600413,0.66,0.66,0.035777087639997,0.624222912360003,0.695777087639997,0.44,0.45,0.035777087639997,0.414222912360003,0.485777087639997,0.44,0.404,0.06693280212,0.33706719788,0.47093280212
0.6,0.618,0.048989794855664,0.569010205144336,0.666989794855664,0.66,0.66,0.035777087639997,0.624222912360003,0.695777087639997,0.44,0.45,0.035777087639997,0.414222912360003,0.485777087639997,0.44,0.404,0.06693280212,0.33706719788,0.47093280212
0.6,0.622,0.048989794855664,0.573010205144336,0.670989794855663,0.66,0.658,0.035777087639997,0.622222912360003,0.693777087639997,0.46,0.452,0.021908902300207,0.430091097699793,0.473908902300207,0.4,0.4,0.0632455532,0.3367544468,0.4632455532
0.6,0.626,0.048989794855664,0.577010205144336,0.674989794855664,0.66,0.66,0.035777087639997,0.624222912360003,0.695777087639997,0.44,0.452,0.035777087639997,0.416222912360003,0.487777087639997,0.4,0.402,0.0632455532,0.3387544468,0.4652455532
0.62,0.63,0.043817804600413,0.586182195399587,0.673817804600413,0.66,0.66,0.035777087639997,0.624222912360003,0.695777087639997,0.44,0.456,0.021908902300207,0.434091097699793,0.477908902300207,0.4,0.4,0.0632455532,0.3367544468,0.4632455532
0.62,0.63,0.052153619241621,0.577846380758379,0.682153619241621,0.66,0.66,0.035777087639997,0.624222912360003,0.695777087639997,0.48,0.46,0.033466401061363,0.426533598938637,0.493466401061363,0.42,0.4,0.0593295879,0.3406704121,0.4593295879
0.64,0.63,0.045607017003966,0.584392982996034,0.675607017003965,0.66,0.66,0.035777087639997,0.624222912360003,0.695777087639997,0.42,0.46,0.033466401061363,0.426533598938637,0.493466401061363,0.38,0.398,0.0438178046,0.3541821954,0.4418178046
0.62,0.626,0.043817804600413,0.582182195399587,0.669817804600413,0.66,0.662,0.035777087639997,0.626222912360003,0.697777087639997,0.44,0.464,0.035777087639997,0.428222912360003,0.499777087639997,0.34,0.402,0.06693280212,0.33506719788,0.46893280212
0.62,0.622,0.043817804600413,0.578182195399587,0.665817804600413,0.66,0.662,0.035777087639997,0.626222912360003,0.697777087639997,0.46,0.466,0.021908902300207,0.444091097699793,0.487908902300207,0.38,0.41,0.05215361924,0.35784638076,0.46215361924
0.62,0.62,0.052153619241621,0.567846380758379,0.672153619241621,0.66,0.662,0.035777087639997,0.626222912360004,0.697777087639997,0.48,0.464,0.017888543819998,0.446111456180002,0.481888543819998,0.44,0.414,0.06693280212,0.34706719788,0.48093280212
0.64,0.616,0.045607017003966,0.570392982996034,0.661607017003965,0.66,0.662,0.035777087639997,0.626222912360004,0.697777087639997,0.44,0.462,0.035777087639997,0.426222912360003,0.497777087639997,0.44,0.41,0.06693280212,0.34306719788,0.47693280212
0.64,0.61,0.045607017003966,0.564392982996035,0.655607017003966,0.64,0.662,0.045607017003966,0.616392982996034,0.707607017003966,0.46,0.468,0.021908902300207,0.446091097699793,0.489908902300207,0.4,0.408,0.0632455532,0.3447544468,0.4712455532
0.64,0.604,0.045607017003966,0.558392982996034,0.649607017003966,0.68,0.664,0.033466401061363,0.630533598938637,0.697466401061363,0.46,0.47,0.035777087639997,0.434222912360003,0.505777087639997,0.42,0.408,0.0593295879,0.3486704121,0.4673295879
0.64,0.598,0.045607017003966,0.552392982996034,0.643607017003965,0.66,0.662,0.035777087639997,0.626222912360004,0.697777087639997,0.48,0.472,0.017888543819998,0.454111456180002,0.489888543819998,0.38,0.41,0.0657267069,0.3442732931,0.4757267069
0.62,0.594,0.033466401061363,0.560533598938637,0.627466401061363,0.66,0.662,0.035777087639997,0.626222912360004,0.697777087639997,0.48,0.472,0.017888543819998,0.454111456180002,0.489888543819998,0.4,0.412,0.0632455532,0.3487544468,0.4752455532
0.62,0.592,0.043817804600413,0.548182195399587,0.635817804600413,0.66,0.662,0.035777087639997,0.626222912360004,0.697777087639997,0.48,0.472,0.017888543819998,0.454111456180002,0.489888543819998,0.4,0.416,0.0632455532,0.3527544468,0.4792455532
0.6,0.592,0.048989794855664,0.543010205144337,0.640989794855664,0.68,0.662,0.033466401061363,0.628533598938637,0.695466401061363,0.46,0.47,0.021908902300207,0.448091097699793,0.491908902300207,0.42,0.42,0.07155417528,0.34844582472,0.49155417528
0.58,0.592,0.052153619241621,0.539846380758379,0.644153619241621,0.66,0.66,0.035777087639997,0.624222912360003,0.695777087639997,0.46,0.474,0.021908902300207,0.452091097699793,0.495908902300207,0.42,0.422,0.07155417528,0.35044582472,0.49355417528
0.6,0.596,0.048989794855664,0.547010205144337,0.644989794855664,0.66,0.66,0.035777087639997,0.624222912360003,0.695777087639997,0.44,0.474,0.021908902300207,0.452091097699793,0.495908902300207,0.42,0.424,0.07155417528,0.35244582472,0.49555417528
0.58,0.6,0.033466401061363,0.566533598938637,0.633466401061363,0.66,0.66,0.035777087639997,0.624222912360003,0.695777087639997,0.46,0.478,0.021908902300207,0.456091097699793,0.499908902300207,0.4,0.424,0.07483314774,0.34916685226,0.49883314774
0.58,0.606,0.059329587896765,0.546670412103235,0.665329587896765,0.66,0.66,0.035777087639997,0.624222912360003,0.695777087639997,0.5,0.48,0,0.48,0.48,0.42,0.426,0.07155417528,0.35444582472,0.49755417528
0.58,0.612,0.059329587896765,0.552670412103235,0.671329587896765,0.66,0.66,0.035777087639997,0.624222912360003,0.695777087639997,0.48,0.472,0.033466401061363,0.438533598938637,0.505466401061363,0.4,0.428,0.0632455532,0.3647544468,0.4912455532
0.58,0.618,0.033466401061363,0.584533598938637,0.651466401061363,0.66,0.66,0.035777087639997,0.624222912360003,0.695777087639997,0.48,0.472,0.017888543819998,0.454111456180002,0.489888543819998,0.44,0.432,0.06693280212,0.36506719788,0.49893280212
0.6,0.62,0.048989794855664,0.571010205144336,0.668989794855663,0.66,0.66,0.035777087639997,0.624222912360003,0.695777087639997,0.48,0.476,0.017888543819998,0.458111456180002,0.493888543819998,0.4,0.426,0.0632455532,0.3627544468,0.4892455532
0.6,0.622,0.048989794855664,0.573010205144337,0.670989794855664,0.66,0.66,0.035777087639997,0.624222912360003,0.695777087639997,0.48,0.478,0.033466401061363,0.444533598938637,0.511466401061363,0.44,0.43,0.06066300355,0.36933699645,0.49066300355
0.62,0.624,0.043817804600413,0.580182195399587,0.667817804600413,0.66,0.66,0.035777087639997,0.624222912360003,0.695777087639997,0.46,0.48,0.021908902300207,0.458091097699793,0.501908902300207,0.44,0.428,0.06693280212,0.36106719788,0.49493280212
0.6,0.622,0.028284271247462,0.593715728752538,0.650284271247462,0.66,0.66,0.035777087639997,0.624222912360003,0.695777087639997,0.5,0.48,0.028284271247462,0.451715728752538,0.508284271247462,0.44,0.428,0.06693280212,0.36106719788,0.49493280212
0.62,0.624,0.043817804600413,0.580182195399587,0.667817804600413,0.66,0.662,0.035777087639997,0.626222912360003,0.697777087639997,0.46,0.482,0.021908902300207,0.460091097699793,0.503908902300207,0.44,0.426,0.06693280212,0.35906719788,0.49293280212
0.64,0.626,0.045607017003966,0.580392982996034,0.671607017003965,0.66,0.662,0.035777087639997,0.626222912360003,0.697777087639997,0.48,0.488,0.017888543819998,0.470111456180002,0.505888543819998,0.42,0.426,0.07155417528,0.35444582472,0.49755417528
0.64,0.626,0.045607017003966,0.580392982996034,0.671607017003965,0.66,0.662,0.035777087639997,0.626222912360004,0.697777087639997,0.48,0.486,0.033466401061363,0.452533598938637,0.519466401061363,0.42,0.426,0.0593295879,0.3666704121,0.4853295879
0.64,0.626,0.045607017003966,0.580392982996034,0.671607017003965,0.66,0.664,0.035777087639997,0.628222912360003,0.699777087639997,0.42,0.484,0.052153619241621,0.431846380758379,0.536153619241621,0.44,0.428,0.06693280212,0.36106719788,0.49493280212
0.64,0.626,0.045607017003966,0.580392982996034,0.671607017003965,0.66,0.666,0.035777087639997,0.630222912360003,0.701777087639997,0.48,0.492,0.033466401061363,0.458533598938637,0.525466401061363,0.44,0.426,0.06693280212,0.35906719788,0.49293280212
0.6,0.626,0.048989794855664,0.577010205144336,0.674989794855664,0.66,0.668,0.035777087639997,0.632222912360003,0.703777087639997,0.52,0.492,0.017888543819998,0.474111456180002,0.509888543819998,0.38,0.422,0.08197560613,0.34002439387,0.50397560613
0.62,0.63,0.043817804600413,0.586182195399587,0.673817804600413,0.66,0.668,0.035777087639997,0.632222912360003,0.703777087639997,0.5,0.49,0.028284271247462,0.461715728752538,0.518284271247462,0.44,0.428,0.06693280212,0.36106719788,0.49493280212
0.62,0.632,0.043817804600413,0.588182195399587,0.675817804600413,0.66,0.67,0.035777087639997,0.634222912360003,0.705777087639997,0.5,0.492,0.028284271247462,0.463715728752538,0.520284271247462,0.42,0.428,0.0593295879,0.3686704121,0.4873295879
0.6,0.634,0.048989794855664,0.585010205144336,0.682989794855664,0.66,0.672,0.035777087639997,0.636222912360003,0.707777087639997,0.46,0.49,0.021908902300207,0.468091097699793,0.511908902300207,0.44,0.43,0.06693280212,0.36306719788,0.49693280212
0.62,0.638,0.043817804600413,0.594182195399587,0.681817804600413,0.68,0.674,0.033466401061363,0.640533598938637,0.707466401061363,0.52,0.492,0.017888543819998,0.474111456180002,0.509888543819998,0.42,0.43,0.07155417528,0.35844582472,0.50155417528
0.64,0.64,0.045607017003966,0.594392982996034,0.685607017003965,0.66,0.674,0.045607017003966,0.628392982996034,0.719607017003965,0.52,0.49,0.017888543819998,0.472111456180002,0.507888543819998,0.44,0.43,0.06693280212,0.36306719788,0.49693280212
0.64,0.636,0.045607017003966,0.590392982996034,0.681607017003966,0.66,0.676,0.021908902300207,0.654091097699793,0.697908902300207,0.46,0.49,0.021908902300207,0.468091097699793,0.511908902300207,0.42,0.43,0.07155417528,0.35844582472,0.50155417528
0.64,0.635555555555556,0.045607017003966,0.58994853855159,0.681162572559521,0.68,0.677777777777778,0.033466401061363,0.644311376716415,0.711244178839141,0.46,0.493333333333333,0.021908902300207,0.471424431033126,0.51524223563354,0.44,0.431111111111111,0.06693280212,0.364178308991111,0.498043913231111
0.64,0.635,0.045607017003966,0.589392982996035,0.680607017003966,0.68,0.6775,0.033466401061363,0.644033598938637,0.710966401061363,0.5,0.4975,0.028284271247462,0.469215728752538,0.525784271247462,0.42,0.43,0.0593295879,0.3706704121,0.4893295879
0.64,0.634285714285714,0.045607017003966,0.588678697281749,0.67989273128968,0.68,0.677142857142857,0.033466401061363,0.643676456081494,0.71060925820422,0.48,0.497142857142857,0.033466401061363,0.463676456081494,0.53060925820422,0.4,0.431428571428571,0.0632455532,0.368183018228571,0.494674124628571
0.64,0.633333333333333,0.045607017003966,0.587726316329368,0.678940350337299,0.66,0.676666666666667,0.035777087639997,0.64088957902667,0.712443754306663,0.5,0.5,0,0.5,0.5,0.44,0.436666666666667,0.06693280212,0.369733864546667,0.503599468786667
0.64,0.632,0.045607017003966,0.586392982996034,0.677607017003966,0.68,0.68,0.033466401061363,0.646533598938637,0.713466401061363,0.52,0.5,0.017888543819998,0.482111456180002,0.517888543819998,0.44,0.436,0.06693280212,0.36906719788,0.50293280212
0.64,0.63,0.045607017003966,0.584392982996034,0.675607017003965,0.68,0.68,0.033466401061363,0.646533598938637,0.713466401061363,0.48,0.495,0.033466401061363,0.461533598938637,0.528466401061363,0.44,0.435,0.06693280212,0.36806719788,0.50193280212
0.64,0.626666666666667,0.045607017003966,0.581059649662701,0.672273683670632,0.68,0.68,0.033466401061363,0.646533598938637,0.713466401061363,0.48,0.5,0.043817804600413,0.456182195399587,0.543817804600413,0.44,0.433333333333333,0.06693280212,0.366400531213333,0.500266135453333
0.64,0.62,0.045607017003966,0.574392982996035,0.665607017003966,0.68,0.68,0.033466401061363,0.646533598938637,0.713466401061363,0.5,0.51,0.028284271247462,0.481715728752538,0.538284271247462,0.42,0.43,0.0593295879,0.3706704121,0.4893295879
0.6,0.6,0.048989794855664,0.551010205144337,0.648989794855664,0.68,0.68,0.033466401061363,0.646533598938637,0.713466401061363,0.52,0.52,0.017888543819998,0.502111456180002,0.537888543819998,0.44,0.44,0.06693280212,0.37306719788,0.50693280212
