,AC-mean,AC-10_moving_average,AC-se,AC-upper,AC-lower,DTA-mean,DTA-10_moving_average,DTA-se,DTA-upper,DTA-lower,SRS-mean,SRS-10_moving_average,SRS-se,SRS-upper,SRS-lower,NRS-mean,NRS-10_moving,NRS-se,NRS-upper,NRS-lower,SARSA-RS-mean,SARSA-RS-se,SARSA-RS-10_moving,SARSA-RS-upper,SARSA-RS-lower,SPRS-mean,SPRS-se,SPRS-10_moving,SPRS-upper,SPRS-lower
0,4261.4,5274.955,296.5656305,5571.520631,4978.38937,3334.92,4694.088,258.5160802,4952.60408,4435.57192,3909.042,3928.2415,92.51144794,4020.752948,3835.730052,6226.911765,6436.365686,397.1750508,6833.540737,6039.190635,3974.35,314.0786415,5853.772,6167.850642,5539.693358,4088.124,202.56638706976,4998.1076,5200.67398706976,4795.54121293024
1,4549.62,5380.878,341.3413569,5722.219357,5039.536643,5235.98,4794.468,369.2669806,5163.734981,4425.201019,5056.213,3872.6488,112.9018374,3985.550637,3759.746963,6904.676471,6379.236275,372.39306,6751.629335,6006.843214,6396.73,383.6267975,6008.041,6391.667798,5624.414202,4712.244,225.140254814318,5103.89,5329.03025481432,4878.74974518568
2,5054.15,5432.373,375.3512329,5807.724233,5057.021767,5801.3,4719.515,387.5739084,5107.088908,4331.941092,4328.54,3710.574,113.3748339,3823.948834,3597.199166,7425.745098,6227.046078,346.2055765,6573.251655,5880.840502,6279.41,396.4918211,5883.502,6279.993821,5487.010179,5331.144,232.478142622174,5095.8952,5328.37334262218,4863.41705737783
3,5163.44,5453.682,370.072921,5823.754921,5083.609079,5502.06,4551.868,398.9571357,4950.825136,4152.910864,3977.716,3613.6296,114.9527994,3728.582399,3498.676801,6840.705882,6035.686275,374.4595623,6410.145837,5661.226712,5456.91,393.3025477,5765.43,6158.732548,5372.127452,5210.14,237.518310202814,5038.0452,5275.56351020281,4800.52688979719
4,5925.36,5461.845,380.8112353,5842.656235,5081.033765,5366.07,4419.834,391.8605753,4811.694575,4027.973425,3761.748,3529.7603,112.5822695,3642.34257,3417.17803,5892.029412,5900.171569,413.6256897,6313.797258,5486.545879,6182.87,417.4179648,5731.224,6148.641965,5313.806035,5224.104,246.835464592785,4979.3112,5226.14666459279,4732.47573540722
5,5268.14,5384.103,390.0306098,5774.13361,4994.07239,5178.83,4209.711,392.6364336,4602.347434,3817.074566,3858.181,3467.9913,114.664027,3582.655327,3353.327273,6970.284314,5800.596078,375.06504,6175.661118,5425.531038,6436.22,411.6499786,5612.289,6023.938979,5200.639021,5329.652,247.912983918923,4954.1984,5202.11138391892,4706.28541608108
6,5875.95,5368.831,397.7021225,5766.533123,4971.128878,4437.13,4029.994,391.2379638,4421.231964,3638.756036,3693.671,3392.4304,113.1958197,3505.62622,3279.23458,6393.176471,5620.778431,397.7625254,6018.540957,5223.015906,6017.17,411.2376851,5472.151,5883.388685,5060.913315,5433.22,249.500684244352,4887.3692,5136.86988424435,4637.86851575565
7,5673.04,5295.065,405.1273545,5700.192355,4889.937646,3614.86,3887.465,383.4082688,4270.873269,3504.056731,3608.708,3335.7607,114.2707747,3450.031475,3221.489925,6012.264706,5469.219608,395.7291668,5864.948775,5073.490441,6231.26,413.5867567,5400.133,5813.719757,4986.546243,4801.168,235.830069158078,4821.0064,5056.83646915808,4585.17633084192
8,5591.94,5199.863,401.6733493,5601.536349,4798.189651,4272.38,3864.6,395.1383296,4259.73833,3469.46167,3601.641,3284.7572,115.3516086,3400.108809,3169.405591,5564.872549,5365.741176,422.827544,5788.568721,4942.913632,6070.65,406.2294899,5202.498,5608.72749,4796.26851,4709.876,247.694790228814,4791.3824,5039.07719022881,4543.68760977119
9,5386.51,5151.055,395.6557732,5546.710773,4755.399227,4197.35,3770.304,397.9073112,4168.211311,3372.396689,3486.955,3243.6133,113.6806121,3357.293912,3129.932688,6132.990196,5310.35,402.8524148,5713.202415,4907.497585,5492.15,414.8830586,5069.477,5484.360059,4654.593941,5141.404,244.891713283925,4772.5848,5017.47651328393,4527.69308671608
10,5320.63,5094.047,410.4041159,5504.451116,4683.642884,4338.72,3736.913,414.7617415,4151.674742,3322.151259,3353.115,3213.9617,113.5561544,3327.517854,3100.405546,5655.617647,5199.556863,403.6580508,5603.214914,4795.898812,5517.04,421.4098784,4966.302,5387.711878,4544.892122,5145.948,253.40155599598,4680.9888,4934.39035599598,4427.58724400402
11,5064.57,5087.491,410.4797672,5497.970767,4677.011233,4486.45,3647.622,409.8577217,4057.479722,3237.764278,3435.465,3195.0202,113.3215675,3308.341768,3081.698632,5382.77451,5096.846078,405.5259373,5502.372016,4691.320141,5151.34,429.1600711,4905.478,5334.638071,4476.317929,4632.296,250.316867608909,4628.2044,4878.52126760891,4377.88753239109
12,5267.24,5096.95,387.0464487,5483.996449,4709.903551,4124.83,3525.714,392.2384354,3917.952435,3133.475565,3359.096,3172.5001,112.7311705,3285.231271,3059.768929,5512.147059,5025.84902,418.8973693,5444.746389,4606.95165,5098.69,420.0850454,4853.486,5273.571045,4433.400955,4752.644,253.843770010327,4635.7476,4889.59137001033,4381.90382998967
13,5245.07,5100.425,413.5410449,5513.966045,4686.883955,4181.72,3460.72,401.4655781,3862.185578,3059.254422,3139.023,3150.3868,108.6624012,3259.049201,3041.724399,5485.558824,4972.223529,425.1939525,5397.417482,4547.029577,5114.85,411.1777548,4788.737,5199.914755,4377.559245,4622.8,244.877626907809,4600.886,4845.76362690781,4356.00837309219
14,5147.94,5061.721,409.5655188,5471.286519,4652.155481,3264.84,3402.104,353.2249096,3755.32891,3048.87909,3144.058,3156.7448,109.5874247,3266.332225,3047.157375,4896.27451,4963.355882,395.3944466,5358.750329,4567.961436,4993.52,429.7883876,4733.483,5163.271388,4303.694612,4972.976,253.616869213576,4598.3504,4851.96726921358,4344.73353078642
15,5115.42,5075.547,408.1553827,5483.702383,4667.391617,3381.66,3432.814,377.1150419,3809.929042,3055.698958,3102.572,3148.5032,109.785961,3258.289161,3038.717239,5172.107843,5019.126471,417.3637543,5436.490225,4601.762716,5034.84,425.8049804,4676.188,5101.99298,4250.38302,4661.36,254.867259995473,4528.8492,4783.71645999547,4273.98194000453
16,5138.29,5080.414,403.8405307,5484.254531,4676.573469,3011.84,3421.338,362.7553436,3784.093344,3058.582656,3126.974,3140.9694,110.6978271,3251.667227,3030.271573,4877.588235,5045.070588,413.8029946,5458.873583,4631.267594,5296.99,421.0996268,4607.099,5028.198627,4185.999373,4769.592,254.45848913751,4505.7296,4760.18808913751,4251.27111086249
17,4721.02,5078.582,422.5812611,5501.163261,4656.000739,3386.21,3432.52,379.3653596,3811.88536,3053.15464,3098.673,3124.2107,112.0079501,3236.21865,3012.20275,4977.480392,5080.946078,414.0942536,5495.040332,4666.851825,4254.91,409.8288631,4563.724,4973.552863,4153.895137,4504.928,253.380599753146,4512.3656,4765.74619975315,4258.98500024685
18,5103.86,5073.792,396.1345234,5469.926523,4677.657477,3329.42,3468.143,373.4950008,3841.638001,3094.647999,3190.202,3120.2351,111.551633,3231.786733,3008.683467,5010.960784,5057.355882,407.5563058,5464.912188,4649.799577,4740.44,408.4724581,4577.629,4986.101458,4169.156542,4521.9,253.233727248169,4467.8664,4721.10012724817,4214.63267275183
19,4816.43,5030.21,413.2971041,5443.507104,4616.912896,3863.44,3482.427,391.6096524,3874.036652,3090.817348,3190.439,3117.2033,113.4596194,3230.662919,3003.743681,5025.058824,5102.886275,416.2585267,5519.144801,4686.627748,4460.4,418.6378528,4574.847,4993.484853,4156.209147,4225.444,250.346034367345,4468.5256,4718.87163436735,4218.17956563265
20,5255.07,5093.082,417.3252727,5510.407273,4675.756727,3445.81,3444.411,374.4031925,3818.814193,3070.007808,3163.7,3117.3852,111.5063554,3228.891555,3005.878845,4628.509804,5117.690196,409.8656401,5527.555836,4707.824556,4908.8,421.7710336,4600.154,5021.925034,4178.382966,4618.104,257.075747196689,4471.4964,4728.57214719669,4214.42065280331
21,5159.16,5037.223,412.0582885,5449.281289,4625.164712,3267.37,3439.838,387.294163,3827.132163,3052.543837,3210.264,3118.7602,111.8527972,3230.612997,3006.907403,4672.803922,5114.253922,424.5243445,5538.778266,4689.729577,4631.42,411.176799,4567.985,4979.161799,4156.808201,4707.728,256.121268449272,4455.4916,4711.61286844927,4199.37033155073
22,5301.99,5016.778,422.135823,5438.913823,4594.642177,3474.89,3454.165,381.6355911,3835.800591,3072.529409,3137.963,3113.9729,112.3076669,3226.280567,3001.665233,4975.892157,5152.326471,409.1360037,5561.462474,4743.190467,4451.2,410.9002507,4560.774,4971.674251,4149.873749,4404.028,255.637574853275,4447.9396,4703.57717485328,4192.30202514672
23,4858.03,4970.852,410.3480987,5381.200099,4560.503901,3595.56,3427.065,397.8844441,3824.949444,3029.180556,3202.603,3108.566,112.5964666,3221.162467,2995.969533,5396.882353,5165.536275,414.9297118,5580.465986,4750.606563,4562.31,402.0141532,4571.617,4973.631153,4169.602847,4597.444,256.872868282067,4481.3064,4738.17926828207,4224.43353171794
24,5286.2,4952.075,412.5572275,5364.632228,4539.517773,3571.94,3349.143,381.2364492,3730.379449,2967.906551,3061.642,3094.6574,110.3945082,3205.051908,2984.262892,5453.980392,5119.405882,403.6669617,5523.072844,4715.738921,4420.57,417.8050472,4578.798,4996.603047,4160.992953,4277.964,261.478210019145,4458.2136,4719.69181001915,4196.73538998086
25,5164.09,4920.393,419.5891801,5339.98218,4500.80382,3266.9,3305.511,373.2672695,3678.77827,2932.243731,3027.234,3092.1518,111.0447469,3203.196547,2981.107053,5431.54902,5066.773529,422.2922232,5489.065753,4644.481306,4343.95,411.267825,4549.833,4961.100825,4138.565175,4430.164,257.405392026694,4470.4776,4727.8829920267,4213.07220797331
26,5119.97,4889.874,426.2521992,5316.126199,4463.621801,3123.66,3314.994,378.5103196,3693.50432,2936.48368,2959.387,3100.8081,110.0508511,3210.858951,2990.757249,5236.343137,5041.341176,430.7369876,5472.078164,4610.604189,4863.24,423.593063,4534.75,4958.343063,4111.156937,4835.952,263.218216373381,4472.6864,4735.90461637338,4209.46818362662
27,4673.12,4842.08,408.024393,5250.104393,4434.055607,3742.44,3313.099,401.5985075,3714.697508,2911.500493,3058.917,3106.9642,113.7129222,3220.677122,2993.251278,4741.578431,4992.00098,412.2806593,5404.28164,4579.720321,4393.96,429.3032918,4486.9,4916.203292,4057.596708,4059.936,256.263387973421,4415.004,4671.26738797342,4158.74061202658
28,4668.04,4827.787,416.019364,5243.806364,4411.767636,3472.26,3263.355,388.3036638,3651.658664,2875.051336,3159.884,3106.021,113.0722304,3219.09323,2992.94877,5466.264706,4990.653922,412.4829732,5403.136895,4578.170948,4712.62,444.5765866,4479.987,4924.563587,4035.410413,4528.492,260.32660238966,4443.8792,4704.20580238966,4183.55259761034
29,5445.15,4864.571,428.1315703,5292.70257,4436.43943,3483.28,3203.595,385.6882617,3589.283262,2817.906738,3192.258,3093.5823,115.5439255,3209.126225,2978.038375,5173.098039,4926.835294,416.1337655,5342.96906,4510.701529,4713.47,407.8181547,4379.36,4787.178155,3971.541845,4255.152,256.297009774956,4402.4884,4658.78540977496,4146.19139022504
30,4696.48,4813.782,422.7182484,5236.500248,4391.063752,3400.08,3103.649,392.6362685,3496.285269,2711.012732,3177.45,3073.5913,113.4784908,3187.069791,2960.112809,4594.147059,4863.148039,405.5893151,5268.737354,4457.558724,4587.11,421.4341877,4282.323,4703.757188,3860.888812,4458.056,263.20029432251,4409.0012,4672.20149432251,4145.80090567749
31,4954.71,4814.55,419.5355521,5234.085552,4395.014448,3410.64,3073.468,384.1718369,3457.639837,2689.296163,3162.391,3063.5837,116.0012624,3179.584962,2947.582438,5053.529412,4892.417647,404.532836,5296.950483,4487.884811,4559.31,411.9671841,4180.215,4592.182184,3768.247816,4632.208,263.286443287428,4386.1148,4649.40124328743,4122.82835671257
32,4842.73,4774.776,403.0424158,5177.818416,4371.733584,3203.89,3014.754,358.2393501,3372.99335,2656.51465,3083.894,3061.264,113.0779732,3174.341973,2948.186027,5107.990196,4830.998039,403.7170581,5234.715097,4427.280981,4559.63,421.132746,4160.262,4581.394746,3739.129254,4737.696,265.657222778406,4363.1684,4628.82562277841,4097.51117722159
33,4670.26,4755.73,427.3458388,5183.075839,4328.384161,2816.34,2970.145,364.8327634,3334.977763,2605.312237,3063.517,3066.5677,113.3374176,3179.905118,2953.230282,4935.578431,4764.356863,402.9106912,5167.267554,4361.446172,4634.12,415.2677929,4125.566,4540.833793,3710.298207,4366.516,266.871147108443,4341.9452,4608.81634710844,4075.07405289156
34,4969.38,4736.801,417.2812413,5154.082241,4319.519759,3135.62,2962.356,377.65046,3340.00646,2584.70554,3036.586,3050.9875,114.1854857,3165.172986,2936.802014,4927.656863,4765.344118,417.2040752,5182.548193,4348.140042,4130.92,409.8675871,4046.506,4456.373587,3636.638413,4400.604,264.226008645508,4368.2152,4632.44120864551,4103.98919135449
35,4858.9,4689.791,425.2232408,5115.014241,4264.567759,3361.73,2900.569,371.6341865,3272.203187,2528.934814,3113.797,3048.6266,112.4815242,3161.108124,2936.145076,5177.22549,4715.939216,413.7064062,5129.645622,4302.232809,4193.12,398.1913523,4036.708,4434.899352,3638.516648,4452.252,262.073444091506,4367.3696,4629.44304409151,4105.29615590849
36,4642.03,4636.294,421.026272,5057.320272,4215.267728,3104.71,2862.813,367.4441991,3230.257199,2495.368801,3020.948,3047.1903,110.1674108,3157.357711,2937.022889,4742.941176,4678.683333,399.8165895,5078.499923,4278.866744,4384.74,407.4406164,4057.492,4464.932616,3650.051384,4259.128,267.150698981799,4343.8348,4610.9854989818,4076.6841010182
37,4530.19,4657.772,439.5813542,5097.353354,4218.190646,3245,2836.294,369.6957725,3205.989773,2466.598228,3049.485,3050.1383,110.59831,3160.73661,2939.53999,4728.107843,4651.544118,396.8249531,5048.369071,4254.719165,4324.83,400.6428342,4006.227,4406.869834,3605.584166,4348.688,263.770831007949,4340.0264,4603.79723100795,4076.25556899205
38,5035.88,4628.503,426.0982542,5054.601254,4202.404746,2874.66,2759.719,356.8623066,3116.581307,2402.856693,3035.497,3035.8047,112.1648531,3147.969553,2923.639847,4828.078431,4604.99902,413.3002849,5018.299304,4191.698735,3706.35,393.8707979,3995.022,4388.892798,3601.151202,4114.584,257.427012249639,4315.8996,4573.32661224964,4058.47258775036
39,4937.26,4548.845,418.1892681,4967.034268,4130.655732,2483.82,2722.58,328.4434915,3051.023492,2394.136509,2992.348,3039.1136,112.7113436,3151.824944,2926.402256,4536.22549,4541.009804,408.0809504,4949.090754,4132.928854,3743.1,406.1886725,4057.152,4463.340673,3650.963327,4320.28,270.808168987569,4287.5136,4558.32176898757,4016.70543101243
40,4704.16,4504.9,414.8236555,4919.723656,4090.076345,3098.27,2719.992,370.515794,3090.507794,2349.476206,3077.374,3038.1844,112.7472716,3150.931672,2925.437128,4886.843137,4489.332353,413.4742576,4902.806611,4075.858095,3566.03,379.3449748,4110.747,4490.091975,3731.402025,4229.192,266.277181381627,4294.256,4560.53318138163,4027.97881861837
41,4556.97,4515.6,419.4633549,4935.063355,4096.136645,2823.5,2696.021,368.5470444,3064.568044,2327.473956,3139.194,3042.9744,114.7604617,3157.734862,2928.213938,4439.333333,4371.190196,392.9950944,4764.18529,3978.195102,4359.78,408.2592029,4130.233,4538.492203,3721.973797,4402.744,270.656643816212,4292.8284,4563.48504381621,4022.17175618379
42,4652.27,4445.24,427.9363286,4873.176329,4017.303671,2757.8,2718.328,351.8539558,3070.181956,2366.474044,3136.931,3038.5515,113.5805152,3152.132015,2924.970985,4441.578431,4303.003922,394.5386819,4697.542603,3908.46524,4212.67,413.2548771,4105.188,4518.442877,3691.933123,4525.464,262.682557020477,4253.7772,4516.45975702048,3991.09464297952
43,4480.97,4417.874,419.2784026,4837.152403,3998.595597,2738.45,2712.548,361.1472925,3073.695293,2351.400708,2907.715,3022.9474,110.6486813,3133.596081,2912.298719,4945.45098,4286.052941,407.7008249,4693.753766,3878.352116,3843.52,395.9846218,4095.833,4491.817622,3699.848378,4629.216,269.848482533024,4206.0268,4475.87528253302,3936.17831746698
44,4499.28,4399.875,435.4134327,4835.288433,3964.461567,2517.75,2765.071,350.7189685,3115.789969,2414.352032,3012.977,3034.7745,113.2285264,3148.003026,2921.545974,4433.607843,4180.947059,396.7164525,4577.663511,3784.230606,4032.94,404.4048666,4138.239,4542.643867,3733.834133,4392.148,267.175986212055,4163.9148,4431.09078621206,3896.73881378795
45,4323.93,4384.396,430.5277922,4814.923792,3953.868208,2984.17,2779.337,369.2871826,3148.624183,2410.049817,3099.434,3041.7399,114.0130264,3155.752926,2927.726874,4804.666667,4165.12451,400.1220626,4565.246572,3765.002447,4400.96,394.5591857,4209.559,4604.118186,3814.999814,4216.904,266.988302656008,4123.1408,4390.12910265601,3856.15249734399
46,4856.81,4341.625,414.0019888,4755.626989,3927.623011,2839.52,2732.072,354.7192649,3086.791265,2377.352735,3050.428,3033.9812,113.0180632,3146.999263,2920.963137,4471.54902,4081.4,391.4090273,4472.809027,3689.990973,3872.09,400.8162005,4177.323,4578.139201,3776.506799,4221.044,267.523581211556,4087.1304,4354.65398121156,3819.60681878844
47,4237.5,4291.222,405.3653225,4696.587323,3885.856678,2479.25,2741.667,332.3049402,3073.97194,2409.36206,2906.149,3038.7375,108.7402806,3147.477781,2929.997219,4262.656863,4033.427451,406.40356,4439.831011,3627.023891,4212.78,394.447101,4233.889,4628.336101,3839.441899,4107.42,253.28396487421,4095.694,4348.97796487421,3842.41003512579
48,4239.3,4292.091,399.8477582,4691.938758,3892.243242,2503.27,2776.184,349.1334352,3125.317435,2427.050565,3068.586,3048.2231,110.9451538,3159.168254,2937.277946,4188.186275,3988.902941,387.9312098,4376.834151,3600.971731,4327.65,415.6449813,4275.909,4691.553981,3860.264019,3830.724,254.208090884802,4068.338,4322.5460908848,3814.1299091152
49,4497.81,4278.764,430.8931277,4709.657128,3847.870872,2457.94,2820.178,330.8080784,3150.986078,2489.369922,2983.056,3048.815,111.1093789,3159.924379,2937.705621,4019.45098,3937.370588,377.6345488,4315.005137,3559.736039,4279.05,398.6054888,4283.591,4682.196489,3884.985511,4387.704,265.20466632685,4061.7788,4326.98346632685,3796.57413367315
50,4811.16,4245.737,414.5289967,4660.265997,3831.208003,2858.56,2871.523,351.5034479,3223.026448,2520.019552,3125.274,3048.5063,114.8791812,3163.385481,2933.627119,3705.421569,3948.016667,386.391258,4334.407925,3561.625409,3760.89,381.8139335,4266.055,4647.868933,3884.241067,4214.916,264.190297997061,4025.2236,4289.41389799706,3761.03330200294
51,3853.37,4204.339,392.6625028,4597.001503,3811.676497,3046.57,2845.911,363.7053451,3209.616345,2482.205655,3094.965,3035.7217,112.8322732,3148.553973,2922.889427,3757.470588,3983.138235,381.2936343,4364.43187,3601.844601,4109.33,411.9634127,4308.497,4720.460413,3896.533587,4012.232,260.449945027262,4008.2548,4268.70474502726,3747.80485497274
52,4378.61,4229.819,410.3297167,4640.148717,3819.489283,2700,2826.05,345.7230834,3171.773083,2480.326917,2980.89,3035.5481,112.8847147,3148.432815,2922.663385,4272.068627,3974.776471,391.0280986,4365.804569,3583.748372,4119.12,417.5858921,4306.034,4723.619892,3888.448108,4047.96,262.816664482297,4009.7796,4272.5962644823,3746.9629355177
53,4300.98,4223.39,413.7688524,4637.158852,3809.621148,3263.68,2854.325,374.5718174,3228.896817,2479.753183,3025.986,3028.063,112.0701708,3140.133171,2915.992829,3894.392157,3910.139216,387.0852086,4297.224424,3523.054007,4267.58,411.3630951,4285.377,4696.740095,3874.013905,4208.096,259.845486139621,4020.476,4280.32148613962,3760.63051386038
54,4344.49,4294.385,415.4025714,4709.787571,3878.982429,2660.41,2791.476,347.1940147,3138.670015,2444.281985,3082.631,3035.0868,113.5861524,3148.672952,2921.500648,4275.382353,3943.983333,388.5441738,4332.527507,3555.43916,4746.14,420.5142312,4271.102,4691.616231,3850.587769,3984.408,257.232936876567,3986.8944,4244.12733687657,3729.66146312343
55,3896.22,4299.274,397.6973848,4696.971385,3901.576615,2511.52,2791.331,347.8594019,3139.190402,2443.471598,3021.847,3034.0635,113.4166843,3147.480184,2920.646816,3967.421569,3914.944118,383.9176038,4298.861721,3531.026514,4078.6,406.3429458,4208.948,4615.290946,3802.605054,3856.8,258.681682258331,3993.4396,4252.12128225833,3734.75791774167
56,4352.78,4346.525,400.2947103,4746.81971,3946.23029,2935.47,2802.66,357.0688761,3159.728876,2445.591124,3097.991,3042.6877,115.0730149,3157.760715,2927.614685,3991.823529,3942.22549,380.4348547,4322.660345,3561.790636,4437.75,410.1613513,4212.891,4623.052351,3802.729649,4306.68,266.247586382299,3974.2656,4240.5131863823,3708.0180136177
57,4246.19,4314.529,417.1300523,4731.659052,3897.398948,2824.42,2753.946,352.8225844,3106.768584,2401.123416,3001.005,3051.5294,113.2958472,3164.825247,2938.233553,3817.411765,3906.586275,403.6238119,4310.210086,3502.962463,4632.98,423.8400467,4173.316,4597.156047,3749.475953,3833.86,252.083391729007,3901.7504,4153.83379172901,3649.66700827099
58,4106.03,4370.563,417.7809003,4788.3439,3952.7821,2943.21,2723.872,360.4299253,3084.301925,2363.442075,3074.505,3050.408,113.0539772,3163.461977,2937.354023,3672.862745,3888.279412,395.8873071,4284.166719,3492.392105,4404.47,414.7402429,4069.71,4484.450243,3654.969757,3765.132,257.56569034385,3903.3568,4160.92249034385,3645.79110965615
59,4167.54,4456.225,399.2187006,4855.443701,4057.006299,2971.39,2732.522,362.1287522,3094.650752,2370.393248,2979.969,3050.278,111.4894708,3161.767471,2938.788529,4125.911765,3900.577451,406.183874,4306.761325,3494.393577,4103.69,397.7078731,4010.79,4408.497873,3613.082127,4022.152,267.113286654902,3934.4652,4201.5784866549,3667.3519133451
60,4397.18,4501.218,429.5511351,4930.769135,4071.666865,2602.44,2671.087,354.970069,3026.057069,2316.116931,2997.428,3054.828,112.5766266,3167.404627,2942.251373,4056.637255,3882.047059,396.6312456,4278.678304,3485.415813,4185.31,411.3735329,3936.728,4348.101533,3525.354467,4045.228,259.32331424703,3931.1192,4190.44251424703,3671.79588575297
61,4108.17,4499.793,399.1710385,4898.964039,4100.621962,2847.96,2670.938,361.2483503,3032.18635,2309.68965,3093.229,3061.1473,114.7062364,3175.853536,2946.441064,3673.852941,3837.435294,384.1658367,4221.601131,3453.269457,4084.7,407.7048102,3861.656,4269.36081,3453.95119,4027.48,264.745608504466,3934.9896,4199.73520850447,3670.24399149553
62,4314.32,4510.584,409.5978166,4920.181817,4100.986183,2982.75,2678.091,373.0131315,3051.104132,2305.077869,2906.039,3056.126,109.7018463,3165.827846,2946.424154,3625.696078,3859.057843,392.3170533,4251.374896,3466.74079,3912.55,394.9425073,3838.658,4233.600507,3443.715493,4154.924,262.215012218782,3931.5064,4193.72141221878,3669.29138778122
63,5010.93,4548.427,426.7440636,4975.171064,4121.682936,2635.19,2679.604,350.6979115,3030.301912,2328.906089,3096.224,3069.4962,114.2745676,3183.770768,2955.221632,4232.833333,3839.597059,407.9538879,4247.550947,3431.643171,4124.83,397.7173177,3808.133,4205.850318,3410.415682,3872.28,262.68118898467,3921.7612,4184.44238898467,3659.08001101533
64,4393.38,4513.57,412.6897641,4926.259764,4100.880236,2658.96,2679.509,354.2582129,3033.767213,2325.250787,3072.398,3071.7975,115.1112762,3186.908776,2956.686224,3984.990196,3818.379412,406.3874913,4224.766903,3411.99192,4124.6,412.7469651,3757.218,4169.964965,3344.471035,4049.86,263.937166525671,3946.9632,4210.90036652567,3683.02603347433
65,4368.73,4481.689,412.5478925,4894.236893,4069.141108,2624.81,2669.176,346.4979589,3015.673959,2322.678041,3108.089,3078.1796,114.0117889,3192.191389,2964.167811,4240.235294,3816.859804,410.0286435,4226.888447,3406.83116,4118.03,401.0917811,3695.927,4097.018781,3294.835219,3665.06,258.518247498315,3925.4432,4183.96144749832,3666.92495250169
66,4032.82,4492.577,411.8548563,4904.431856,4080.722144,2448.33,2711.284,336.9654941,3048.249494,2374.318506,3186.408,3057.3513,116.4943277,3173.845628,2940.856972,3635.431373,3828.271569,375.4744692,4203.746038,3452.797099,4042,405.4258058,3639.215,4044.640806,3233.789194,3581.528,253.726780054578,3969.97,4223.69678005458,3716.24321994542
67,4806.53,4582.751,430.2097478,5012.960748,4152.541252,2523.68,2732.616,339.0563944,3071.672394,2393.559606,2989.791,3030.6624,112.8485019,3143.510902,2917.813898,3634.343137,3855.221569,370.5578241,4225.779393,3484.663745,3596.92,379.3235449,3595.323,3974.646545,3215.999455,3849.924,260.836660845243,4028.9144,4289.75106084524,3768.07773915476
68,4962.65,4563.882,423.7363592,4987.618359,4140.145641,3029.71,2759.328,356.240456,3115.568456,2403.087544,3073.205,3036.0742,113.8678201,3149.94202,2922.20638,3795.843137,3882.094118,398.9908061,4281.084924,3483.103312,3815.27,399.5466964,3632.021,4031.567696,3232.474304,4076.216,263.000581971554,4050.3944,4313.39498197155,3787.39381802845
69,4617.47,4520.769,433.7323279,4954.501328,4087.036672,2357.04,2740.055,327.0482741,3067.103274,2413.006726,3025.469,3030.3837,111.8421466,3142.225847,2918.541553,3940.607843,3873.911765,387.3647107,4261.276475,3486.547054,3363.07,369.5825408,3618.487,3988.069541,3248.904459,3988.692,257.921333535138,4049.6344,4307.55573353514,3791.71306646486
70,4382.93,4531.884,423.9187128,4955.802713,4107.965287,2600.95,2766.957,350.4205808,3117.377581,2416.536419,3060.621,3025.0564,113.3564246,3138.412825,2911.699975,3610.519608,3855.282353,386.7714713,4242.053824,3468.510882,3434.59,385.4126708,3620.69,4006.102671,3235.277329,4083.932,264.507422772035,4061.1192,4325.62662277204,3796.61177722797
71,4216.08,4502.265,411.8273594,4914.092359,4090.437641,2919.49,2797.486,365.7838314,3163.269831,2431.702169,3043.016,3004.8535,114.2669188,3119.120419,2890.586581,3890.078431,3838.537255,396.5206313,4235.057886,3442.016624,3854.72,380.4010305,3692.166,4072.567031,3311.764969,3992.648,258.208666532291,4037.5252,4295.73386653229,3779.31653346771
72,4692.75,4515.782,432.531079,4948.313079,4083.250921,2997.88,2818.019,356.2145166,3174.233517,2461.804483,3039.741,3008.8881,113.8843679,3122.772468,2895.003732,3431.088235,3811.619608,385.2197726,4196.83938,3426.399835,3607.3,357.2564604,3680.962,4038.21846,3323.70554,4057.472,265.754873469639,4018.5116,4284.26647346964,3752.75672653036
73,4662.36,4458.753,415.3181406,4874.071141,4043.434859,2634.24,2799.549,346.1079916,3145.656992,2453.441008,3119.237,3011.9554,116.0286001,3127.984,2895.9268,4020.656863,3795.865686,399.8954497,4195.761136,3395.970237,3615.68,378.999172,3725.935,4104.934172,3346.935828,4124.3,266.407179798143,4018.3636,4284.77077979814,3751.95642020186
74,4074.57,4460.992,402.516273,4863.508273,4058.475727,2555.63,2812.707,343.7871809,3156.494181,2468.919819,3136.219,2992.849,115.9784207,3108.827421,2876.870579,3969.794118,3745.219608,398.1275922,4143.3472,3347.092016,3511.69,377.9894675,3754.296,4132.285467,3376.306533,3834.66,253.445805681609,3986.7456,4240.19140568161,3733.29979431839
75,4477.61,4474.754,423.6663649,4898.420365,4051.087635,3045.89,2841.84,376.6754175,3218.515418,2465.164583,2899.806,2977.0737,110.8778055,3087.951505,2866.195895,4354.352941,3698.288235,396.7675479,4095.055783,3301.520687,3550.91,393.4758539,3789.101,4182.576854,3395.625146,4110.328,258.883899819328,3991.986,4250.86989981933,3733.10210018067
76,4934.56,4472.767,434.4172958,4907.184296,4038.349704,2661.65,2864.938,352.5372339,3217.475234,2512.400766,2919.519,2974.6124,112.0892934,3086.701693,2862.523107,3904.931373,3641.289216,395.9316094,4037.220825,3245.357606,3603.08,385.3493669,3786.689,4172.038367,3401.339633,4170.972,258.600143257625,3962.7888,4221.38894325763,3704.18865674238
77,4617.84,4391.7,435.0872753,4826.787275,3956.612725,2790.8,2881.161,357.9664794,3239.127479,2523.194521,3043.909,2983.6416,112.1583273,3095.799927,2871.483273,3903.068627,3582.393137,401.1557772,3983.548914,3181.23736,3963.9,406.5087334,3809.778,4216.286733,3403.269267,4064.724,258.294939631608,3943.1028,4201.39773963161,3684.80786036839
78,4531.52,4348.571,423.0656362,4771.636636,3925.505364,2836.98,2880.282,359.048448,3239.330448,2521.233552,3016.3,2984.6542,112.8542823,3097.508482,2871.799918,3714.019608,3582.426471,378.7026232,3961.129094,3203.723847,3679.93,406.4785995,3765.319,4171.797599,3358.840401,4068.616,263.911748677803,3947.492,4211.4037486778,3683.5802513222
79,4728.62,4328.55,425.5712008,4754.121201,3902.978799,2626.06,2906.355,352.4451398,3258.80014,2553.90986,2972.196,2981.3243,111.9313169,3093.255617,2869.392983,3754.313725,3598.697059,384.9376141,3983.634673,3213.759445,3385.1,392.5609404,3775.433,4167.99394,3382.87206,4103.54,261.036625479261,3957.3736,4218.41022547926,3696.33697452074
80,4086.74,4252.811,411.7368705,4664.547871,3841.07413,2906.24,2930.38,368.6158562,3298.995856,2561.764144,2858.592,2983.1644,109.8244201,3092.98882,2873.33998,3443.068627,3591.682353,389.6035928,3981.285946,3202.07876,4149.35,411.3982728,3830.372,4241.770273,3418.973727,3847.992,258.570229128846,3926.0184,4184.58862912885,3667.44817087115
81,4351.25,4255.962,432.3477185,4688.309719,3823.614282,3124.82,2956.553,363.4038977,3319.956898,2593.149102,3083.362,3001.0894,114.1184848,3115.207885,2886.970915,3620.901961,3646.793137,394.368391,4041.161528,3252.424746,3742.68,402.2280191,3789.462,4191.690019,3387.233981,3802.512,253.734763703013,3935.6556,4189.39036370301,3681.92083629699
82,4122.46,4222.113,418.9279108,4641.040911,3803.185089,2813.18,2953.613,353.4931027,3307.106103,2600.119897,3070.414,2975.8543,113.4714102,3089.32571,2862.38289,3273.54902,3679.288235,364.0302219,4043.318457,3315.258013,4057.03,398.1617459,3879.984,4278.145746,3481.822254,4055.992,257.756092521096,3964.9708,4222.7268925211,3707.2147074789
83,4684.75,4218.488,430.9002937,4649.388294,3787.587706,2765.82,2984.109,371.4992437,3355.608244,2612.609756,2928.173,2975.2414,111.1858638,3086.427264,2864.055536,3514.196078,3734.801961,382.5835258,4117.385487,3352.218435,3899.29,385.6071707,3824.602,4210.209171,3438.994829,3808.12,256.217247456919,3987.6832,4243.90044745692,3731.46595254308
84,4212.19,4116.367,413.8001766,4530.167177,3702.566823,2846.96,2986.034,367.7577455,3353.791746,2618.276255,2978.466,2984.309,110.7181998,3095.0272,2873.5908,3500.480392,3801.330392,382.7102759,4184.040668,3418.620116,3859.74,399.6835237,3830.697,4230.380524,3431.013476,3887.064,254.408321529811,4038.2244,4292.63272152981,3783.81607847019
85,4457.74,4110.324,415.9164547,4526.240455,3694.407545,3276.87,2973.436,378.3741547,3351.810155,2595.061845,2875.193,2993.5511,109.4828417,3103.033942,2884.068258,3784.362745,3817.330392,381.8577366,4199.188129,3435.472656,3526.79,385.2353853,3819.638,4204.873385,3434.402615,3818.356,257.201837359409,4041.7548,4298.95663735941,3784.55296264059
86,4123.89,4100.832,405.3337943,4506.165794,3695.498206,2823.88,2921.342,365.0985172,3286.440517,2556.243483,3009.811,3017.8561,111.9400309,3129.796131,2905.916069,3315.970588,3855.569608,366.1131308,4221.682739,3489.456477,3833.97,418.0058984,3837.503,4255.508898,3419.497102,3974.112,256.174950933583,4038.7588,4294.93375093358,3782.58384906642
87,4186.55,4077.814,411.048443,4488.862443,3666.765557,2782.01,2917.119,364.1970383,3281.316038,2552.921962,3054.035,3017.6519,113.5482341,3131.200134,2904.103666,3903.401961,3894.787255,390.2698468,4285.057102,3504.517408,3519.31,393.3074128,3856.738,4250.045413,3463.430587,4108.616,261.373740536757,4054.0824,4315.45614053676,3792.70865946324
88,4331.31,4059.964,427.1476301,4487.11163,3632.81637,3097.71,2946.791,379.4561588,3326.247159,2567.334841,2983.001,3007.8991,112.379795,3120.278895,2895.519305,3876.72549,3872.521569,404.8414286,4277.362997,3467.68014,3781.07,421.6214537,3893.241,4314.862454,3471.619546,4167.432,265.869556748237,4063.0212,4328.89075674824,3797.15164325176
89,3971.23,4050.07,391.5086614,4441.578661,3658.561339,2866.31,2936.862,362.223172,3299.085172,2574.638828,2990.597,3016.1255,113.3502327,3129.475733,2902.775267,3684.166667,3854.430392,389.5422621,4243.972654,3464.88813,3934.49,406.1056955,3881.305,4287.410695,3475.199305,3789.988,257.114157648746,4067.2404,4324.35455764874,3810.12624235125
90,4118.25,4035.747,407.3064191,4443.053419,3628.440581,3167.97,2947.465,396.3780517,3343.843052,2551.086948,3037.842,3009.0191,114.7616445,3123.780744,2894.257456,3994.176471,3883.10098,389.4796703,4272.580651,3493.62131,3740.25,381.3174259,3916.091,4297.408426,3534.773574,3944.364,254.783535037129,4107.644,4362.42753503713,3852.86046496287
91,4012.76,4008.084,412.5837503,4420.66775,3595.50025,3095.42,2923.02,376.9948674,3300.014867,2546.025133,2831.011,3024.739,112.1035656,3136.842566,2912.635434,3945.852941,3868.543137,384.883057,4253.426194,3483.66008,4647.9,427.7180989,3961.705,4389.423099,3533.986901,4095.664,263.877653219093,4119.73,4383.60765321909,3855.85234678091
92,4086.21,4013.059,412.8736837,4425.932684,3600.185316,3118.14,2918.412,383.903026,3302.315026,2534.508974,3064.285,3047.5002,113.6664324,3161.166632,2933.833768,3828.686275,3842.917647,382.7274152,4225.645062,3460.190232,3503.21,385.5331761,3897.38,4282.913176,3511.846824,4283.116,263.291853383609,4083.1316,4346.42345338361,3819.83974661639
93,3663.54,3990.009,402.5717152,4392.580715,3587.437285,2785.07,2910.22,363.5361504,3273.75615,2546.68385,3018.849,3055.0767,113.2723343,3168.349034,2941.804366,4179.480392,3778.92451,400.6112491,4179.535759,3378.313261,3960.24,396.1142419,3922.181,4318.295242,3526.066758,4313.532,262.876365715718,4042.7764,4305.65276571572,3779.90003428428
94,4151.76,4054.677,409.9648973,4464.641897,3644.712103,2720.98,2920.739,348.4213817,3269.160382,2572.317618,3070.887,3056.5895,115.2309867,3171.820487,2941.358513,3660.480392,3762.708824,386.2351579,4148.943981,3376.473666,3749.15,399.8172906,3935.069,4334.886291,3535.251709,3922.368,260.907530413179,4018.1192,4279.02673041318,3757.21166958682
95,4362.82,4022.387,407.257111,4429.644111,3615.129889,2755.93,2927.026,365.3683011,3292.394301,2561.657699,3118.243,3057.556,117.5253737,3175.081374,2940.030626,4166.754902,3792.101961,392.0294699,4184.131431,3400.072491,3705.44,420.5905016,3976.53,4397.120502,3555.939498,3788.396,253.141197968122,4015.4316,4268.57279796812,3762.29040203188
96,3893.71,3970.329,402.6747264,4373.003726,3567.654274,2781.65,2935.774,356.8680029,3292.642003,2578.905997,3007.769,3056.1831,113.4067732,3169.589873,2942.776327,3708.147059,3779.144118,393.502809,4172.646927,3385.641309,4026.32,406.8555348,4011.267,4418.122535,3604.411465,4127.348,266.588457086169,4025.444,4292.03245708617,3758.85554291383
97,4008.05,3960.719,411.9942765,4372.713277,3548.724724,3078.73,2903.783,380.0240795,3283.80708,2523.758921,2956.507,3047.564,112.3300376,3159.894038,2935.233962,3680.745098,3790.562745,388.4200189,4178.982764,3402.142726,3884.34,407.2366342,3998.204,4405.440634,3590.967366,4198.004,259.102724802222,4016.5852,4275.68792480222,3757.48247519778
98,4232.37,3934.845,398.202906,4333.047906,3536.642094,2998.42,2877.556,377.0634037,3254.619404,2500.492596,3065.265,3071.6287,115.7083991,3187.337099,2955.920301,3695.813725,3817.207843,385.9990818,4203.206925,3431.208761,3661.71,402.3028484,3988.712,4391.014848,3586.409152,4209.624,258.969803418267,3972.7992,4231.76900341827,3713.82939658173
99,3828,3872.599,375.2002196,4247.79922,3497.39878,2972.34,2863.386,350.908171,3214.294171,2512.477829,2919.533,3067.4774,112.2620243,3179.739424,2955.215376,3970.872549,3796.489216,395.3690966,4191.858312,3401.120119,4282.35,412.7542013,3962.947,4375.701201,3550.192799,4194.024,262.410299671518,3945.342,4207.75229967152,3682.93170032848
100,3841.62,3877.072,406.7111616,4283.783162,3470.360838,2923.52,2855.487,362.3347462,3217.821746,2493.152254,3195.041,3082.2093,117.1317597,3199.34106,2965.07754,3848.598039,3761.491176,395.6632238,4157.1544,3365.827953,4196.39,417.4656057,3921.191,4338.656606,3503.725394,4065.224,255.834875291263,3936.024,4191.85887529126,3680.18912470874
101,4062.51,3892.609,407.6733669,4300.282367,3484.935633,3049.34,2813.295,368.0241167,3181.319117,2445.270883,3058.623,3062.089,114.616739,3176.705739,2947.472261,3689.598039,3771.715686,390.010592,4161.726278,3381.705094,4004.65,416.2783783,3873.107,4289.385378,3456.828622,3729.68,252.961253013975,3924.8508,4177.81205301398,3671.88954698603
102,3855.71,3841.922,412.1188577,4254.040858,3429.803142,3036.22,2802.455,380.4822032,3182.937203,2421.972797,3140.05,3059.3753,114.5701164,3173.945416,2944.805184,3188.754902,3730.619608,360.085905,4090.705513,3370.533703,3751.22,401.2641002,3825.166,4226.4301,3423.9019,3879.564,255.60217750171,3919.5676,4175.16977750171,3663.96542249829
103,4310.22,3761.215,411.1535532,4172.368553,3350.061447,2890.26,2776.036,368.2069444,3144.242944,2407.829056,3033.977,3034.2836,113.6457311,3147.929331,2920.637869,4017.323529,3804.935294,398.4434744,4203.378768,3406.49182,4089.12,406.5174919,3805.509,4212.026492,3398.991508,4066.96,263.367856006765,3891.4448,4154.81265600677,3628.07694399324
104,3828.86,3699.665,412.0182057,4111.683206,3287.646794,2783.85,2745.577,351.8899085,3097.466909,2393.687092,3080.552,3025.061,113.300129,3138.361129,2911.760871,3954.411765,3804.55,382.198615,4186.748615,3422.351385,4163.76,422.2551561,3789.349,4211.604156,3367.093844,3895.492,257.805764853589,3840.9472,4098.75296485359,3583.14143514641
105,3842.24,3721.007,408.0458384,4129.052838,3312.961162,2843.41,2781.141,365.9551429,3147.096143,2415.185857,3104.514,3017.2265,114.8653505,3132.091851,2902.361149,4037.176471,3756.052941,384.8522114,4140.905153,3371.20073,4052.81,413.5234382,3763.561,4177.084438,3350.037562,3888.52,258.026119062393,3825.5852,4083.61131906239,3567.55908093761
106,3797.61,3727.282,397.1729928,4124.454993,3330.109007,2461.74,2722.639,344.2084094,3066.847409,2378.430591,2921.578,3005.7377,113.5069887,3119.244689,2892.230711,3822.333333,3735.782353,381.5242302,4117.306583,3354.258123,3895.69,406.4229572,3719.188,4125.610957,3312.765043,4038.76,261.284603927595,3784.8164,4046.1010039276,3523.53179607241
107,3749.31,3715.381,393.6497747,4109.030775,3321.731225,2816.46,2728.461,362.5534207,3091.014421,2365.907579,3197.154,3004.0397,115.1423759,3119.182076,2888.897324,3947.196078,3709.366667,365.0090496,4074.375716,3344.357617,3789.42,387.186623,3714.798,4101.984623,3327.611377,3760.144,253.291637597959,3778.6796,4031.97123759796,3525.38796240204
108,3609.91,3704.226,384.3470583,4088.573058,3319.878942,2856.72,2736.037,379.8990203,3115.93602,2356.13798,3023.752,2972.814,112.2476466,3085.061647,2860.566353,3488.627451,3663.691176,390.1749908,4053.866167,3273.516186,3404.06,369.6265307,3650.512,4020.138531,3280.885469,3935.052,255.768777088182,3751.982,4007.75077708818,3496.21322291182
109,3872.73,3720.11,391.3393282,4111.449328,3328.770672,2893.35,2738.409,367.0328591,3105.441859,2371.376141,3066.852,2967.5793,113.9432427,3081.522543,2853.636057,3620.892157,3720.507843,378.222837,4098.73068,3342.285006,3864.79,393.6685193,3693.367,4087.035519,3299.698481,4100.844,262.434636156617,3726.4064,3988.84103615662,3463.97176384338
110,3996.99,3707.149,387.8673834,4095.016383,3319.281617,2501.6,2724.331,354.0688114,3078.399811,2370.262189,2993.838,2950.2972,111.4133519,3061.710552,2838.883848,3950.843137,3791.359804,397.136772,4188.496576,3394.223032,3715.55,387.5341191,3677.206,4064.740119,3289.671881,3953.492,256.494308661506,3682.1004,3938.59470866151,3425.60609133849
111,3555.64,3655.602,393.9861293,4049.588129,3261.615871,2940.94,2719.626,365.7144755,3085.340476,2353.911525,3031.486,2953.2672,113.7431879,3067.010388,2839.524012,3278.637255,3772.556863,362.6445909,4135.201454,3409.912272,3525.24,383.2704805,3658.689,4041.959481,3275.418519,3676.848,251.041324222894,3658.972,3910.01332422289,3407.93067577711
112,3048.64,3702.34,353.5936158,4055.933616,3348.746384,2772.03,2678.597,365.1584022,3043.755402,2313.438598,2889.133,2949.5535,111.0563222,3060.609822,2838.497178,3931.911765,3840.365686,398.9658091,4239.331495,3441.399877,3554.65,389.5815299,3647.131,4036.71253,3257.54947,3598.336,249.905974951412,3698.3204,3948.22637495141,3448.41442504859
113,3694.72,3712.558,403.9344615,4116.492462,3308.623539,2585.67,2690.451,344.6123054,3035.063305,2345.838695,2941.751,2956.8138,110.6136078,3067.427408,2846.200192,4013.470588,3854.210784,396.7338863,4250.944671,3457.476898,3927.52,414.1512879,3629.824,4043.975288,3215.672712,3561.984,251.455498788505,3704.4788,3955.9342987885,3453.02330121149
114,4042.28,3707.419,400.2819394,4107.700939,3307.137061,3139.49,2666.685,381.8516677,3048.536668,2284.833332,3002.207,2960.7414,112.6270827,3073.368483,2848.114317,3469.441176,3811.766667,351.4001577,4163.166824,3460.366509,3905.88,404.8732602,3562.241,3967.11426,3157.36774,3741.872,245.380952346477,3742.238,3987.61895234648,3496.85704765352
115,3904.99,3692.362,404.0443638,4096.406364,3288.317636,2258.39,2592.271,323.2808132,2915.551813,2268.990187,2989.626,2954.7991,113.3409495,3068.14005,2841.45815,3834.470588,3861.898039,381.5926419,4243.490681,3480.305397,3609.08,385.2580135,3489.511,3874.769013,3104.252987,3480.832,252.155750565209,3781.52,4033.67575056521,3529.36424943479
116,3678.6,3642.055,394.1152057,4036.170206,3247.939794,2519.96,2621.392,345.5558884,2966.947888,2275.836112,2904.598,2955.9981,111.2934779,3067.291578,2844.704622,3558.176471,3873.337255,372.8392243,4246.176479,3500.498031,3851.79,406.0460694,3469.903,3875.949069,3063.856931,3977.392,254.19461525639,3820.7836,4074.97821525639,3566.58898474361
117,3637.76,3677.855,389.7305808,4067.585581,3288.124419,2892.22,2652.234,368.3396654,3020.573665,2283.894335,2884.897,2962.6941,109.3149916,3072.009092,2853.379108,3490.441176,3924.583333,374.8037994,4299.387133,3549.779534,3146.56,376.88519,3396.226,3773.11119,3019.34081,3493.168,248.563904537855,3777.5972,4026.16110453786,3529.03329546214
118,3768.75,3671.317,393.6227898,4064.93979,3277.69421,2880.44,2623.744,365.9578056,2989.701806,2257.786194,2971.405,2981.1867,111.6187593,3092.805459,2869.567941,4056.794118,3939.818627,382.4133412,4322.231969,3557.405286,3832.61,412.8698417,3397.152,3810.021842,2984.282158,3679.296,246.192053359843,3800.3876,4046.57965335984,3554.19554664016
119,3743.12,3678.464,406.9325847,4085.396585,3271.531415,2752.57,2607.901,368.8474843,2976.748484,2239.053516,2894.031,2981.4378,111.2952476,3092.733048,2870.142552,4329.411765,3924.239216,393.8555426,4318.094758,3530.383673,3703.18,389.8648557,3342.725,3732.589856,2952.860144,3657.784,253.425755418379,3819.622,4073.04775541838,3566.19624458162
120,3481.52,3662.694,384.3261905,4047.020191,3278.36781,2454.55,2627.491,350.2019952,2977.692995,2277.289005,3023.538,2989.9538,111.5609684,3101.514768,2878.392832,3762.813725,3861.848039,383.1704234,4245.018463,3478.677616,3530.38,381.0558281,3329.233,3710.288828,2948.177172,3722.208,247.185411128861,3836.658,4083.84341112886,3589.47258887114
121,4023.02,3689.987,400.8051377,4090.792138,3289.181862,2530.65,2653.776,344.9759427,2998.751943,2308.800057,2994.349,2987.7979,111.7147386,3099.512639,2876.083161,3956.72549,3838.666667,382.8820512,4221.548718,3455.784615,3409.66,397.9626785,3402.714,3800.676678,3004.751322,4070.332,259.088776984075,3817.06,4076.14877698408,3557.97122301592
122,3150.82,3600.447,375.6990981,3976.146098,3224.747902,2890.57,2665.025,362.581245,3027.606245,2302.443755,2961.736,2991.2819,111.189999,3102.471899,2880.091901,4070.362745,3827.016667,372.6823979,4199.699065,3454.334269,3381.58,384.1333292,3430.098,3814.231329,3045.964671,3659.92,250.143492272735,3786.7764,4036.91989227274,3536.63290772726
123,3643.33,3622.9,368.4464813,3991.346481,3254.453519,2348.01,2685.332,330.5192286,3015.851229,2354.812771,2981.027,2989.5477,111.8720573,3101.419757,2877.675643,3589.029412,3727.158824,369.8146154,4096.973439,3357.344208,3251.69,376.3762391,3481.42,3857.796239,3105.043761,3939.576,259.43480756617,3764.3284,4023.76320756617,3504.89359243383
124,3891.71,3679.219,375.3410213,4054.560021,3303.877979,2395.35,2743.958,345.1988416,3089.156842,2398.759158,2942.784,2980.2079,114.1989255,3094.406826,2866.008974,3970.754902,3768.47451,390.7800341,4159.254544,3377.694476,3178.58,359.1371076,3533.208,3892.345108,3174.070892,4134.692,256.165336149417,3765.5516,4021.71693614942,3509.38626385058
125,3401.92,3673.865,397.0943504,4070.95935,3276.77065,2549.6,2788.336,339.4326905,3127.768691,2448.90331,3001.616,2975.1053,113.8739422,3088.979242,2861.231358,3948.862745,3767.626471,395.5853009,4163.211772,3372.04117,3413,388.8947778,3562.301,3951.195778,3173.406222,3873.468,257.242135156556,3724.6652,3981.90733515656,3467.42306484344
126,4036.6,3635.839,411.9385969,4047.777597,3223.900403,2828.38,2814.828,352.0880733,3166.916073,2462.739927,2971.558,2976.1889,113.6755288,3089.864429,2862.513371,4070.637255,3732.045098,387.9600133,4120.005111,3344.085085,3115.02,375.094792,3603.046,3978.140792,3227.951208,3545.528,241.950041927799,3715.4484,3957.3984419278,3473.4983580722
127,3572.38,3556.339,399.5708925,3955.909893,3156.768108,2607.32,2854.361,357.0312252,3211.392225,2497.329775,3069.823,2978.1104,115.2044802,3093.31488,2862.90592,3642.794118,3685.776471,352.3628722,4038.139343,3333.413598,3155.82,364.438666,3614.2,3978.638666,3249.761334,3721.072,251.553703934695,3725.9912,3977.54490393469,3474.4374960653
128,3840.22,3528.346,382.91995,3911.26595,3145.42605,2722.01,2895.852,355.3469711,3251.198971,2540.505029,2973.916,2970.6905,112.9174997,3083.608,2857.773,3901,3638.961765,382.0828762,4021.044641,3256.878888,3288.34,372.6788173,3648.895,4021.573817,3276.216183,3871.64,253.2980613775,3741.894,3995.1920613775,3488.5959386225
129,3585.42,3503.53,383.8345503,3887.36455,3119.69545,2948.47,2909.09,383.5228469,3292.612847,2525.567153,2979.191,2978.1853,114.471026,3092.656326,2863.714274,3705.5,3638.048039,386.4523207,4024.50036,3251.595719,3568.26,396.1103444,3634.549,4030.659344,3238.438656,3828.144,253.463452602256,3723.9296,3977.39305260226,3470.46614739774
130,3754.45,3503.943,399.2943965,3903.237397,3104.648604,2717.4,2900.901,346.7424208,3247.643421,2554.158579,3001.979,2990.8563,113.0475388,3103.903839,2877.808761,3531,3642.635294,372.154764,4014.790058,3270.48053,4265.19,406.5572783,3627.789,4034.346278,3221.231722,3526.228,247.633468820481,3698.6024,3946.23586882048,3450.96893117952
131,3127.62,3451.774,368.1166306,3819.890631,3083.657369,2643.14,2892.552,348.0974835,3240.649484,2544.454517,3029.189,2977.0133,114.1969152,3091.210215,2862.816385,3840.22549,3694.986275,384.1013779,4079.087652,3310.884897,3683.5,402.0461462,3511.478,3913.524146,3109.431854,3767.496,250.481381615353,3727.3328,3977.81418161535,3476.85141838465
132,3375.35,3435.867,384.4715002,3820.3385,3051.3955,3093.64,2928.621,381.0747508,3309.695751,2547.546249,2944.394,2972.24,111.3171424,3083.557142,2860.922858,3071.784314,3698.011765,348.7884373,4046.800202,3349.223327,3894.8,402.385406,3494.474,3896.859406,3092.088594,3435.44,241.24471610711,3733.2188,3974.46351610711,3491.97408389289
133,4206.52,3433.561,426.887977,3860.448977,3006.673023,2934.27,2918.102,372.1673478,3290.269348,2545.934652,2887.629,2969.2358,109.7062085,3078.942008,2859.529592,4002.186275,3702.451961,367.1185463,4069.570507,3335.333414,3769.57,401.5092585,3431.817,3833.326258,3030.307742,3951.808,251.868043698568,3746.786,3998.65404369857,3494.91795630143
134,3838.17,3368.258,412.5878161,3780.845816,2955.670184,2839.13,2901.827,359.7151322,3261.542132,2542.111868,2891.758,2989.9082,111.4969018,3101.405102,2878.411298,3962.27451,3691.754902,383.9324339,4075.687336,3307.822468,3469.51,395.8438797,3404.95,3800.79388,3009.10612,3725.828,255.018130480293,3753.8212,4008.83933048029,3498.80306951971
135,3021.66,3266.091,358.8463393,3624.937339,2907.244661,2814.52,2931.88,361.8921855,3293.772186,2569.987815,3012.452,2995.239,114.8441002,3110.0831,2880.3949,3593.04902,3652.021569,375.7863761,4027.807945,3276.235192,3820.45,412.8500302,3356.123,3768.97303,2943.27297,3781.3,250.753266539042,3755.1756,4005.92886653904,3504.42233346096
136,3241.6,3298.378,365.1956788,3663.573679,2933.182321,3223.71,2922.155,391.2260191,3313.381019,2530.928981,2990.773,2987.2921,113.9349037,3101.227004,2873.357196,3607.95098,3622.455882,382.9736614,4005.429544,3239.482221,3226.56,381.6013874,3315.921,3697.522387,2934.319613,3650.956,251.416958044313,3747.9216,3999.33855804431,3496.50464195569
137,3292.45,3339.584,385.8252123,3725.409212,2953.758788,3022.23,2885.227,378.0197267,3263.246727,2507.207273,2995.624,2973.3667,112.8551655,3086.221865,2860.511535,3174.647059,3562.85098,368.4394208,3931.290401,3194.41156,3502.77,386.3942818,3336.968,3723.362282,2950.573718,3880.1,257.236534963446,3765.6008,4022.83733496345,3508.36426503655
138,3592.06,3295.287,402.7624657,3698.049466,2892.524534,2854.39,2855.73,371.3789221,3227.108922,2484.351078,3048.864,2955.8348,112.969486,3068.804286,2842.865314,3891.862745,3591.665686,386.0759204,3977.741607,3205.589766,3144.88,359.7608529,3299.12,3658.880853,2939.359147,3691.996,248.264155608368,3743.86,3992.12415560837,3495.59584439163
139,3589.55,3271.459,394.382609,3665.841609,2877.076391,2866.58,2842.438,382.5570269,3224.995027,2459.880973,3105.901,2942.967,116.5144981,3059.481498,2826.452502,3751.372549,3576.939216,386.8054237,3963.744639,3190.133792,3500.66,380.9144398,3309.22,3690.13444,2928.30556,3574.872,249.746874411801,3765.51,4015.2568744118,3515.7631255882
140,3232.76,3290.021,378.0899303,3668.11093,2911.93107,2633.91,2868.761,366.6753731,3235.436373,2502.085627,2863.549,2923.6279,110.7873061,3034.415206,2812.840594,4054.509804,3526.052941,390.2703968,3916.323338,3135.782544,3102.08,370.5506105,3279.336,3649.88661,2908.78539,3813.532,252.356044167569,3809.1464,4061.50244416757,3556.79035583243
141,2968.55,3336.252,372.7832205,3709.035221,2963.46878,3003.83,2900.633,375.2186115,3275.851612,2525.414389,2981.456,2934.4893,113.6297163,3048.119016,2820.859584,3870.480392,3461.645098,379.6442242,3841.289322,3082.000874,3513.46,372.7206242,3327.332,3700.052624,2954.611376,3826.356,255.137718146604,3805.2128,4060.3505181466,3550.0750818534
142,3352.29,3374.433,373.1281746,3747.561175,3001.304825,2988.45,2895.355,377.9360923,3273.291092,2517.418908,2914.352,2921.9013,111.0774487,3032.978749,2810.823851,3116.186275,3382.214706,350.9740805,3733.188786,3031.240625,3268.23,375.8180825,3349.35,3725.168083,2973.531917,3571.112,254.027058302504,3808.5056,4062.53265830251,3554.4785416975
143,3553.49,3364.412,387.6909012,3752.102901,2976.721099,2771.52,2876.793,368.2563253,3245.049325,2508.536675,3094.353,2928.6223,114.6030241,3043.225324,2814.019276,3895.215686,3415.82451,392.7764201,3808.60093,3023.04809,3500.9,389.3983658,3373.554,3762.952366,2984.155634,4022.16,261.086263372089,3844.8316,4105.91786337209,3583.74533662791
144,2816.5,3338.347,365.4342063,3703.781206,2972.912794,3139.66,2849.772,387.8463395,3237.61834,2461.925661,2945.066,2918.9708,111.6076961,3030.578496,2807.363104,3564.941176,3403.683333,364.1358353,3767.819169,3039.547498,2981.24,367.4835237,3368.534,3736.017524,3001.050476,3739.372,252.737346489323,3832.0584,4084.79574648932,3579.32105351068
145,3344.53,3401.601,385.3444564,3786.945456,3016.256544,2717.27,2819.388,358.4798407,3177.867841,2460.908159,2932.983,2920.084,111.3862288,3031.470229,2808.697771,3297.392157,3410.335294,361.2546325,3771.589927,3049.080662,3418.43,378.8038926,3424.803,3803.606893,3045.999107,3708.76,249.054200802958,3856.6324,4105.68660080296,3607.57819919704
146,3653.66,3432.716,389.6810945,3822.397095,3043.034906,2854.43,2810.234,368.3816913,3178.615691,2441.852309,2851.519,2914.2412,110.3392023,3024.580402,2803.901998,3011.901961,3428.308824,344.4239273,3772.732751,3083.884896,3437.03,378.6503467,3436.24,3814.890347,3057.589653,3827.748,258.911030560662,3871.936,4130.84703056066,3613.02496943934
147,2849.48,3402.997,346.208468,3749.205468,3056.788532,2727.26,2805.603,368.2189725,3173.821973,2437.384028,2820.305,2912.5483,109.8745642,3022.422864,2802.673736,3462.794118,3491.402941,340.6871156,3832.090057,3150.715826,3124.29,368.4636262,3400.097,3768.560626,3031.633374,3662.692,251.194870370682,3890.008,4141.20287037068,3638.81312962932
148,3353.78,3429.424,375.1028469,3804.526847,3054.321153,2721.47,2827.761,364.1439414,3191.904941,2463.617059,2920.186,2909.0714,110.9364763,3020.007876,2798.134924,3744.598039,3504.816667,381.1033871,3885.920054,3123.71328,3245.88,372.727855,3438.906,3811.633855,3066.178145,3908.496,252.601581261749,3918.3532,4170.95478126175,3665.75161873825
149,3775.17,3470.972,388.1808251,3859.152825,3082.791175,3129.81,2854.449,384.8883263,3239.337326,2469.560674,2912.51,2918.5487,113.6101003,3032.1588,2804.9386,3242.509804,3496.910784,375.4430259,3872.35381,3121.467758,3201.82,376.8056988,3435.134,3811.939699,3058.328301,4011.236,262.559043541098,3922.9668,4185.5258435411,3660.4077564589
150,3695.07,3467.443,380.990096,3848.433096,3086.452904,2952.63,2834.998,360.9705912,3195.968591,2474.027409,2972.163,2925.4949,111.8643109,3037.359211,2813.630589,3410.431373,3568.788235,376.4804912,3945.268727,3192.307744,3582.04,406.7990892,3455.743,3862.542089,3048.943911,3774.196,254.60546110077,3927.9948,4182.60026110077,3673.38933889923
151,3350.36,3433.244,386.9826377,3820.226638,3046.261362,2951.05,2828.023,378.9199083,3206.942908,2449.103092,2855.576,2910.7787,109.3342612,3020.112961,2801.444439,3076.176471,3642.404902,358.5795735,4000.984475,3283.825328,3733.64,387.5180787,3460.904,3848.422079,3073.385921,3859.284,255.681145643116,3923.0388,4178.71994564312,3667.35765435688
152,3252.08,3418.694,385.9162167,3804.610217,3032.777783,2802.83,2792.946,366.0401637,3158.986164,2426.905836,2981.562,2909.9687,111.7471419,3021.715842,2798.221558,3452.284314,3714.976471,381.3770733,4096.353544,3333.599397,3510.27,387.1104739,3429.485,3816.595474,3042.374526,3934.372,259.039024531949,3909.604,4168.64302453195,3650.56497546805
153,3292.84,3434.867,374.3845624,3809.251562,3060.482438,2501.31,2802.924,365.3542417,3168.278242,2437.569758,2997.838,2906.3772,112.7783445,3019.155544,2793.598856,3773.803922,3752.707843,386.0785016,4138.786345,3366.629342,3450.7,391.4183219,3409.329,3800.747322,3017.910678,3894.428,263.121339589293,3903.9268,4167.04813958929,3640.80546041071
154,3449.04,3443.256,399.5404095,3842.79641,3043.715591,2835.82,2812.57,365.5338855,3178.103886,2447.036115,2956.198,2887.2418,112.1553538,2999.397154,2775.086446,3631.460784,3757.783333,371.7744263,4129.55776,3386.008907,3543.93,395.3019641,3382.536,3777.837964,2987.234036,3985.112,264.310331144706,3879.8368,4144.14713114471,3615.52646885529
155,3655.68,3486.977,391.0756614,3878.052661,3095.901339,2625.73,2805.449,363.8978004,3169.3468,2441.5512,2874.555,2896.5043,111.4905557,3007.994856,2785.013744,3477.127451,3735.094118,377.8348078,4112.928925,3357.25931,3532.8,389.2451639,3364.864,3754.109164,2975.618836,3861.796,252.740462628238,3876.7488,4129.48926262824,3624.00833737176
156,3356.47,3395.18,363.9419757,3759.121976,3031.238024,2808.12,2824.629,368.3646444,3192.993644,2456.264356,2834.59,2898.1184,110.2158604,3008.33426,2787.90254,3642.843137,3756.922549,357.366676,4114.289225,3399.555873,3075.6,361.5354768,3341.791,3703.326477,2980.255523,4008.468,264.1371672217,3860.67,4124.8071672217,3596.5328327783
157,3113.75,3408.777,368.7632686,3777.540269,3040.013731,2948.84,2834.279,382.9740688,3217.253069,2451.304931,2785.536,2905.0902,110.0522787,3015.142479,2795.037921,3596.931373,3783.454902,382.9134116,4166.368314,3400.54149,3512.38,396.0588814,3325.828,3721.886881,2929.769119,3946.144,259.187669546713,3825.2596,4084.44726954671,3566.07193045329
158,3769.26,3393.503,405.3120126,3798.815013,2988.190987,2988.35,2821.874,374.3023065,3196.176307,2447.571694,3014.959,2920.2984,113.5174046,3033.815805,2806.780995,3665.539216,3776.203922,373.7260446,4149.929966,3402.477877,3208.16,380.0887277,3284.116,3664.204728,2904.027272,3954.632,258.240474911088,3797.4748,4055.71527491109,3539.23432508891
159,3739.88,3345.926,390.0565414,3735.982541,2955.869459,2935.3,2789.514,380.9001784,3170.414178,2408.613822,2981.972,2902.0303,112.8941104,3014.92441,2789.13619,3961.284314,3761.837255,389.305079,4151.142334,3372.532176,3407.91,392.0454571,3305.126,3697.171457,2913.080543,4061.516,259.276318469266,3800.6692,4059.94551846927,3541.39288153073
160,3353.08,3316.755,376.2380408,3692.993041,2940.516959,2882.88,2794.98,369.2416342,3164.221634,2425.738366,2825.001,2903.8822,111.3570658,3015.239266,2792.525134,4146.598039,3771.49902,398.0279346,4169.526954,3373.471085,3633.65,389.6288694,3272.937,3662.565869,2883.308131,3724.636,251.406472211867,3740.9644,3992.37087221187,3489.55792778813
161,3204.86,3290.798,375.1436805,3665.941681,2915.65432,2600.28,2799.008,355.7499007,3154.757901,2443.258099,2847.476,2916.8599,112.0845133,3028.944413,2804.775387,3801.892157,3744.373529,392.0672304,4136.44076,3352.306299,3419.45,373.2807513,3196.871,3570.151751,2823.590249,3724.936,254.460837221793,3748.8164,4003.27723722179,3494.35556277821
162,3413.81,3327.932,393.3073286,3721.239329,2934.624671,2902.61,2851.122,374.5341645,3225.656165,2476.587836,2945.647,2929.6126,113.4465542,3043.059154,2816.166046,3829.598039,3714.577451,373.315387,4087.892838,3341.262064,3308.71,390.6656971,3198.35,3589.015697,2807.684303,3877.6,259.737899953011,3757.686,4017.42389995301,3497.94810004699
163,3376.73,3332.848,390.4592987,3723.307299,2942.388701,2597.77,2867.21,359.4299931,3226.639993,2507.780007,2806.484,2935.5781,109.2546025,3044.832702,2826.323498,3824.558824,3722.229412,386.713595,4108.943007,3335.515817,3182.77,374.1404768,3181.48,3555.620477,2807.339523,3653.528,250.545650301226,3732.1708,3982.71645030123,3481.62514969877
164,3886.25,3312.361,400.0638635,3712.424864,2912.297137,2764.61,2883.899,362.6317666,3246.530767,2521.267233,3048.823,2950.4098,116.106027,3066.515827,2834.303773,3404.568627,3692.548039,355.4372138,4047.985253,3337.110825,3367.21,377.6193214,3224.012,3601.631321,2846.392679,3954.232,254.520002154456,3726.3816,3980.90160215446,3471.86159784555
165,2737.71,3296.696,348.9243948,3645.620395,2947.771605,2817.53,2899.46,369.9473867,3269.407387,2529.512613,2890.696,2931.728,111.2220173,3042.950017,2820.505983,3695.411765,3704.75098,381.4762507,4086.227231,3323.27473,3302.07,365.7604919,3183.157,3548.917492,2817.396508,3701.008,248.453946540891,3695.3484,3943.80234654089,3446.89445345911
166,3492.44,3409.455,392.4277134,3801.882713,3017.027287,2904.62,2922.527,376.7345712,3299.261571,2545.792429,2904.308,2925.2229,111.032855,3036.255755,2814.190045,3908.166667,3692.988235,390.8241598,4083.812395,3302.164076,2915.97,368.3310824,3158.539,3526.870082,2790.207918,3654.364,247.040633868228,3703.7504,3950.79103386823,3456.70976613177
167,2961.01,3446.905,363.1081796,3810.01318,3083.79682,2824.79,2918.118,355.4824202,3273.60042,2562.63558,2937.618,2921.8507,112.1568451,3034.007545,2809.693855,3524.421569,3685.788235,363.7694568,4049.557692,3322.018779,3095.26,380.1515523,3168.029,3548.180552,2787.877448,3668.296,246.037371343331,3716.9116,3962.94897134333,3470.87422865667
168,3293.49,3494.74,382.5286276,3877.268628,3112.211372,2664.75,2899.379,355.2735916,3254.652592,2544.105408,2832.278,2915.3162,111.2367368,3026.552937,2804.079463,3521.872549,3682.341176,383.6826543,4066.023831,3298.658522,3418.26,379.5025875,3161.891,3541.393588,2782.388412,3986.576,260.199317787145,3733.1032,3993.30251778715,3472.90388221285
169,3448.17,3522.301,388.753515,3911.054515,3133.547485,2989.96,2904.702,372.0886545,3276.790655,2532.613346,3000.491,2911.4586,114.4103723,3025.868972,2797.048228,4057.901961,3686.960784,410.8549725,4097.815757,3276.105812,3086.02,379.5253433,3139.996,3519.521343,2760.470657,3464.468,242.374487840416,3698.0288,3940.40328784042,3455.65431215958
170,3093.51,3488.222,388.3759814,3876.597981,3099.846019,2923.16,2859.415,366.1601032,3225.575103,2493.254897,2954.778,2905.931,114.3714231,3020.302423,2791.559577,3875.343137,3659.664706,379.3974605,4039.062166,3280.267245,2872.99,368.7310571,3122.221,3490.952057,2753.489943,3803.156,255.73860207379,3706.924,3962.66260207379,3451.18539792621
171,3576.2,3550.348,401.0195559,3951.367556,3149.328444,3121.42,2817.89,390.9574622,3208.847462,2426.932538,2975.003,2904.239,113.9921478,3018.231148,2790.246852,3503.931373,3658.141176,372.5193947,4030.660571,3285.621782,3434.24,374.834293,3150.391,3525.225293,2775.556707,3813.632,247.100517915896,3707.1632,3954.2637179159,3460.0626820841
172,3462.97,3561.091,391.302005,3952.393005,3169.788995,3063.49,2785.488,389.4430252,3174.931025,2396.044975,3005.302,2901.9982,114.8237185,3016.821918,2787.174482,3906.117647,3659.858824,386.5430718,4046.401895,3273.315752,3140.01,382.4876185,3075.598,3458.085618,2693.110382,3622.448,253.359219191219,3703.762,3957.12121919122,3450.40278080878
173,3171.86,3569.001,387.9740512,3956.975051,3181.026949,2764.66,2741.082,376.9579094,3118.039909,2364.124091,2954.801,2890.8942,112.5367712,3003.430971,2778.357429,3527.745098,3651.812745,378.9050291,4030.717774,3272.907716,3608.09,386.2438748,3064.559,3450.802875,2678.315125,3595.636,255.051406265513,3702.1828,3957.23420626551,3447.13139373449
174,3729.6,3594.177,406.9035262,4001.080526,3187.273474,2920.22,2734.155,379.6654168,3113.820417,2354.489583,2862.005,2893.0584,112.1985738,3005.256974,2780.859826,3526.598039,3695.62451,368.551321,4064.175831,3327.073189,2958.66,361.2611671,3004.13,3365.391167,2642.868833,3643.9,250.353052100429,3689.7324,3940.08545210043,3439.37934789957
175,3865.3,3567.739,413.4838581,3981.222858,3154.255142,3048.2,2700.228,384.3440092,3084.572009,2315.883991,2825.645,2896.4726,112.2187377,3008.691338,2784.253862,3577.784314,3731.423529,359.6863792,4091.109909,3371.73715,3055.89,359.3353976,3008.362,3367.697398,2649.026602,3785.028,254.654012960456,3654.908,3909.56201296046,3400.25398703954
176,3866.94,3560.053,397.1853217,3957.238322,3162.867678,2860.53,2644.466,375.129932,3019.595932,2269.336068,2870.586,2905.1609,110.2639804,3015.42488,2794.89692,3836.166667,3733.645098,387.1823814,4120.827479,3346.462717,3010.87,370.7803279,3006.754,3377.534328,2635.973672,3785.976,256.428290665628,3656.7492,3913.17749066563,3400.32090933437
177,3439.36,3523.144,398.3001721,3921.444172,3124.843828,2637.4,2626.223,370.1354333,2996.358433,2256.087567,2872.273,2908.1923,110.7533271,3018.945627,2797.438973,3489.95098,3707.493137,388.1130503,4095.606188,3319.380087,3033.88,377.5561546,2994.925,3372.481155,2617.368845,3830.212,253.567934495322,3631.792,3885.35993449532,3378.22406550468
178,3569.1,3568.305,368.8338131,3937.138813,3199.471187,2717.98,2644.632,364.6528708,3009.284871,2279.979129,2793.702,2925.3438,110.9008986,3036.244699,2814.442901,3568.068627,3726.262745,373.2433978,4099.506143,3353.019347,3199.31,382.4998046,3016.649,3399.148805,2634.149195,3635.832,248.425423528076,3612.9512,3861.37662352808,3364.52577647192
179,3107.38,3574.667,380.7110946,3955.378095,3193.955905,2537.09,2659.354,352.4020471,3011.756047,2306.951953,2945.215,2939.4593,112.568531,3052.027831,2826.890769,3784.941176,3751.227451,365.0492764,4116.276727,3386.178175,2908.27,368.383423,3046.291,3414.674423,2677.907577,3553.42,253.018823359844,3602.6928,3855.71162335984,3349.67397664016
180,3714.77,3646.224,417.1985465,4063.422547,3229.025454,2507.91,2678.647,354.3768001,3033.0238,2324.2702,2937.858,2935.6773,111.2472206,3046.924521,2824.430079,3860.107843,3736.858824,385.3132525,4122.172076,3351.545571,3154.69,379.5568689,3058.834,3438.390869,2679.277131,3805.548,256.49455030231,3621.894,3878.38855030231,3365.39944969769
181,3683.63,3630.725,408.918585,4039.643585,3221.806415,2797.4,2693.998,385.0911001,3079.0891,2308.9069,2952.595,2928.6344,113.4009473,3042.035347,2815.233453,3521.107843,3695.657843,362.0514799,4057.709323,3333.606363,2686.31,367.4064236,3040.149,3407.555424,2672.742576,3779.62,249.87820562506,3630.3692,3880.24740562506,3380.49099437494
182,3542.07,3638.801,396.7066249,4035.507625,3242.094375,2619.43,2706.672,346.9593726,3053.631373,2359.712627,2894.262,2929.4794,110.8370422,3040.316442,2818.642358,3825.656863,3712.122549,389.7092151,4101.831764,3322.413334,3029.62,357.4879637,3092.436,3449.923964,2734.948036,3606.656,248.240761146626,3604.8124,3853.05316114663,3356.57163885337
183,3423.62,3651.927,390.0616012,4041.988601,3261.865399,2695.39,2712.442,358.9944893,3071.436489,2353.447511,2976.443,2926.5346,113.3086769,3039.843277,2813.225923,3965.862745,3694.129412,381.1620093,4075.291421,3312.967402,3003.8,369.8447696,3061.755,3431.59977,2691.91023,3471.132,246.600173191959,3624.2796,3870.87977319196,3377.67942680804
184,3465.22,3672.159,403.1387356,4075.297736,3269.020264,2580.95,2726.037,352.72556,3078.76256,2373.31144,2896.147,2930.7992,112.3098702,3043.10907,2818.48933,3884.588235,3639.772549,382.9989197,4022.771469,3256.773629,3000.98,371.8734029,3034.616,3406.489403,2662.742597,3295.656,241.859703941471,3634.4404,3876.30010394147,3392.58069605853
185,3788.44,3702.402,412.6478846,4115.049885,3289.754115,2490.58,2762.641,354.3299234,3116.970923,2408.311077,2912.528,2937.7072,112.7227315,3050.429932,2824.984468,3600,3632.55,386.4629559,4019.012956,3246.087044,3039.81,383.3915588,3022.747,3406.138559,2639.355441,3803.44,259.998147734941,3643.2716,3903.26974773494,3383.27345226506
186,3497.85,3721.564,390.610745,4112.174745,3330.953255,2678.1,2784.949,364.5681581,3149.517158,2420.380842,2900.9,2946.4225,112.2905915,3058.713092,2834.131908,3574.647059,3673.698039,379.3798871,4053.077926,3294.318152,2892.58,368.175531,3021.299,3389.474531,2653.123469,3536.404,244.851847914481,3588.79,3833.64184791448,3343.93815208552
187,3890.97,3694.995,408.2828614,4103.277861,3286.712139,2821.49,2759.256,376.4474977,3135.703498,2382.808502,3043.788,2946.9055,114.3600901,3061.26559,2832.54541,3677.647059,3711.664706,383.1269207,4094.791627,3328.537785,3251.12,372.7573024,3009.183,3381.940302,2636.425698,3641.804,250.418263915266,3591.9452,3842.36346391527,3341.52693608473
188,3632.72,3659.311,383.8812093,4043.192209,3275.429791,2865.2,2747.436,374.4525609,3121.888561,2372.983439,2934.857,2908.6343,112.560739,3021.195039,2796.073561,3817.715686,3715.605882,392.8938385,4108.499721,3322.712044,3495.73,378.2807896,2971.462,3349.74279,2593.18121,3533.248,249.46515160636,3566.6456,3816.11075160636,3317.18044839364
189,3822.95,3675.252,412.0785552,4087.330555,3263.173445,2730.02,2731.867,359.4569485,3091.323949,2372.410052,2907.395,2892.6246,111.7309985,3004.355599,2780.893601,3641.254902,3693.151961,378.799393,4071.951354,3314.352568,3033.7,371.3892437,2951.46,3322.849244,2580.070756,3745.432,252.237268724318,3583.866,3836.10326872432,3331.62873127568
190,3559.78,3624.888,389.6088699,4014.49687,3235.27913,2661.42,2717.927,379.9754193,3097.902419,2337.951581,2867.429,2902.3998,112.0811122,3014.480912,2790.318688,3448.098039,3662.448039,375.6238129,4038.071852,3286.824226,2967.84,358.9287745,2951.07,3309.998774,2592.141226,3890.3,256.473760513625,3561.2928,3817.76656051362,3304.81903948638
191,3764.39,3632.122222,415.0950823,4047.217304,3217.02714,2924.14,2724.205556,385.9136567,3110.119213,2338.291899,2961.045,2906.285444,113.3973877,3019.682832,2792.888057,3685.754902,3686.264706,371.6885291,4057.953235,3314.576177,3209.18,376.1035521,2949.206667,3325.310219,2573.103115,3524.052,248.984454529161,3524.73644444444,3773.72089897361,3275.75198991528
192,3673.33,3554.492222,389.5734935,3944.065716,3164.918729,2677.13,2699.21375,366.4357198,3065.64947,2332.77803,2864.814,2899.4405,109.3335755,3008.774076,2790.106924,3645.72549,3686.328431,368.0420315,4054.370463,3318.2864,2722.81,321.8068131,2916.71,3238.516813,2594.903187,3801.328,254.114297908764,3545.50977777778,3799.62407568654,3291.39547986901
193,3625.94,3535.392222,379.2877717,3914.679994,3156.10445,2831.34,2702.368571,379.9828415,3082.351413,2322.38573,3019.089,2904.387143,114.023415,3018.410558,2790.363728,3422.294118,3692.128852,357.0185031,4049.147355,3335.110348,2732.41,357.3088446,2944.41,3301.718845,2587.101155,3572.74,253.932158187182,3515.66622222222,3769.5983804094,3261.73406403504
194,3767.65,3511.353333,397.2490348,3908.602368,3114.104298,2946.99,2680.873333,375.4017572,3056.27509,2305.471576,2965.227,2885.270167,112.8469163,2998.117083,2772.42325,3812.362745,3737.101307,391.38149,4128.482797,3345.719817,2882.29,359.7478212,2979.743333,3339.491155,2619.995512,3383.968,243.927991070939,3530.264,3774.19199107094,3286.33600892906
195,3980.06,3447.431111,391.0015936,3838.432705,3056.429517,2713.66,2627.65,361.6255271,2989.275527,2266.024473,2999.681,2869.2788,113.2834175,2982.562217,2755.995383,4011.480392,3722.04902,369.7597659,4091.808785,3352.289254,3025.33,368.3400209,2999.234,3367.574021,2630.893979,3258.624,242.392082202567,3553.21377777778,3795.60585998034,3310.82169557521
196,3232.16,3387.718889,383.1329197,3770.851809,3004.585969,2421.17,2606.1475,351.6124458,2957.759946,2254.535054,2905.73,2836.67825,112.0556421,2948.733892,2724.622608,3954.313725,3649.691176,406.1849395,4055.876116,3243.506237,2771.42,347.5134691,2992.71,3340.223469,2645.196531,3567.956,244.693611866465,3562.90622222222,3807.59983408869,3318.21261035576
197,3534.13,3393.906667,390.4078738,3784.314541,3003.498793,2703.29,2667.806667,375.7798598,3043.586527,2292.026807,2661.076,2813.661,105.7932727,2919.454273,2707.867727,3717.058824,3548.150327,389.8557092,3938.006036,3158.294618,2873.91,355.5218671,3066.473333,3421.9952,2710.951466,3388.808,242.783903413188,3574.52577777778,3817.30968119097,3331.74187436459
198,3792.13,3437.58,394.4137251,3831.993725,3043.166275,2709.51,2650.065,366.5678422,3016.632842,2283.497158,2774.76,2889.9535,111.5789114,3001.532411,2778.374589,3593.176471,3463.696078,374.3056068,3838.001685,3089.390472,3295.71,365.8502298,3162.755,3528.60523,2796.90477,3705.452,255.981074485564,3565.264,3821.24507448556,3309.28292551444
199,3319.31,3460.947778,380.4835943,3841.431372,3080.464184,2590.62,2590.62,363.2720652,2953.892065,2227.347935,3005.147,3005.147,114.9481667,3120.095167,2890.198833,3334.215686,3334.215686,355.3475614,3689.563248,2978.868125,3029.8,376.0052111,3029.8,3405.805211,2653.794789,3519.7,246.883770499399,3526.21066666667,3773.09443716607,3279.32689616727
,,,,,,,,,,,,,,,,,,,,,,,,,,,,,,
200,3065.72,,368.9769023,,,,,,,,,,,,,,,,,,,,,,,3711.012,256.220969164165,,,
201,3501.43,,382.4019862,,,,,,,,,,,,,,,,,,,,,,,3532.736,248.231330128201,,,
202,3409.59,,384.0409083,,,,,,,,,,,,,,,,,,,,,,,3704.12,252.841695498191,,,
203,3192.35,,391.6299129,,,,,,,,,,,,,,,,,,,,,,,3590.516,246.448120510131,,,
204,3442.65,,401.7050713,,,,,,,,,,,,,,,,,,,,,,,3345.856,245.15071468192,,,
205,3287.85,,380.4333159,,,,,,,,,,,,,,,,,,,,,,,3672.532,261.524670017771,,,
206,3927.19,,412.1788237,,,,,,,,,,,,,,,,,,,,,,,3305.452,246.066353260221,,,
207,4002.44,,408.5578868,,,,,,,,,,,,,,,,,,,,,,,3353.972,243.126427450543,,,
208,3615.92,,402.2048679,,,,,,,,,,,,,,,,,,,,,,,3377.604,243.157873581622,,,
209,3562.96,,397.9962555,,,,,,,,,,,,,,,,,,,,,,,3391.68,235.919979938962,,,
210,3530.57,,400.1967897,,,,,,,,,,,,,,,,,,,,,,,3272.92,236.174368749871,,,
211,3703.64,,410.5024647,,,,,,,,,,,,,,,,,,,,,,,3407.42,247.101207213563,,,
212,3481.47,,392.4619073,,,,,,,,,,,,,,,,,,,,,,,3485.888,252.317458543447,,,
213,3542.57,,382.4901503,,,,,,,,,,,,,,,,,,,,,,,3555.696,255.032396464324,,,
214,3732.87,,414.1672082,,,,,,,,,,,,,,,,,,,,,,,3548.552,256.468786274634,,,
215,3621.5,,404.354714,,,,,,,,,,,,,,,,,,,,,,,3322.544,250.189315200022,,,
216,3639.69,,398.2372013,,,,,,,,,,,,,,,,,,,,,,,3591.276,250.641019211333,,,
217,2686.2,,361.5175451,,,,,,,,,,,,,,,,,,,,,,,3595.652,251.321646874247,,,
218,3110.2,,386.0537297,,,,,,,,,,,,,,,,,,,,,,,3288.196,244.969308425231,,,
219,3422.45,,388.2586546,,,,,,,,,,,,,,,,,,,,,,,3619.344,256.286409047877,,,
220,3545.03,,389.8748536,,,,,,,,,,,,,,,,,,,,,,,3437.968,250.380801492255,,,
221,3724.55,,405.9794055,,,,,,,,,,,,,,,,,,,,,,,3598.044,256.825023594384,,,
222,3114.02,,361.1162159,,,,,,,,,,,,,,,,,,,,,,,3645.524,251.521317819576,,,
223,3331.71,,382.3506766,,,,,,,,,,,,,,,,,,,,,,,3907.544,260.403279426846,,,
224,3185.19,,375.2211675,,,,,,,,,,,,,,,,,,,,,,,3675.38,258.183527806094,,,
225,3442.03,,403.3043103,,,,,,,,,,,,,,,,,,,,,,,3521.036,250.814678762659,,,
226,3525.68,,394.3844317,,,,,,,,,,,,,,,,,,,,,,,3197.004,237.02627273772,,,
227,3355.52,,398.1723558,,,,,,,,,,,,,,,,,,,,,,,3346.188,245.783999875142,,,
228,3756.14,,393.466841,,,,,,,,,,,,,,,,,,,,,,,3559.604,251.073951872224,,,
229,3842.83,,404.4643314,,,,,,,,,,,,,,,,,,,,,,,3349.868,249.612079728334,,,
230,3560.67,,389.2958153,,,,,,,,,,,,,,,,,,,,,,,3552.228,251.116158046558,,,
231,3194.79,,380.2824945,,,,,,,,,,,,,,,,,,,,,,,3660.328,255.724133522169,,,
232,3588.32,,393.7653583,,,,,,,,,,,,,,,,,,,,,,,3426.388,247.905056773403,,,
233,3363.9,,393.548557,,,,,,,,,,,,,,,,,,,,,,,3513.148,245.42177890396,,,
234,2827.52,,353.8264779,,,,,,,,,,,,,,,,,,,,,,,3356.36,238.075879991233,,,
235,3247.89,,378.5858827,,,,,,,,,,,,,,,,,,,,,,,3358.584,245.406354367152,,,
236,3341.08,,379.1459663,,,,,,,,,,,,,,,,,,,,,,,3532.376,247.728173437129,,,
237,2727.55,,341.5147102,,,,,,,,,,,,,,,,,,,,,,,3256.416,231.904790489063,,,
238,3549.92,,394.7161711,,,,,,,,,,,,,,,,,,,,,,,3338.612,242.187802545512,,,
239,3135.23,,376.4825903,,,,,,,,,,,,,,,,,,,,,,,3384.4,243.568146620202,,,
240,3112.13,,379.3930367,,,,,,,,,,,,,,,,,,,,,,,3370.648,244.478183534613,,,
241,3005.1,,375.8568835,,,,,,,,,,,,,,,,,,,,,,,3364.932,243.62909999732,,,
242,3286.83,,380.8324642,,,,,,,,,,,,,,,,,,,,,,,3434.284,247.609801577757,,,
243,3163.21,,371.0650281,,,,,,,,,,,,,,,,,,,,,,,3635,251.174725543794,,,
244,3337.77,,380.646232,,,,,,,,,,,,,,,,,,,,,,,3447.688,242.835799656113,,,
245,3118.75,,363.3141925,,,,,,,,,,,,,,,,,,,,,,,3404.436,245.841199849854,,,
246,2941.56,,360.6237323,,,,,,,,,,,,,,,,,,,,,,,3030.808,234.880964534259,,,
247,3550.23,,397.5042025,,,,,,,,,,,,,,,,,,,,,,,3319.376,239.259580160327,,,
248,3297.68,,386.2134177,,,,,,,,,,,,,,,,,,,,,,,3119.132,236.627964421587,,,
249,2915.81,,369.4537499,,,,,,,,,,,,,,,,,,,,,,,3295.672,239.958334886838,,,
