steps/FlexibleFourrooms-v0-,steps/Fourrooms-v0-
446.4914285714286,435.0714285714284
444.99142857142823,356.6428571428567
426.5057142857143,343.4685714285713
409.57428571428557,322.3714285714285
426.75142857142833,278.2428571428571
375.9085714285711,242.34285714285707
376.66857142857134,207.18571428571437
340.0171428571425,227.43714285714302
316.33714285714274,197.6742857142857
316.7028571428575,152.55714285714257
287.67999999999967,177.14571428571432
283.06285714285696,153.6057142857141
241.60000000000005,153.9657142857142
235.4942857142854,159.48571428571424
192.55714285714294,148.2514285714284
203.80285714285702,119.32285714285715
189.95999999999987,117.71999999999996
186.0714285714285,135.45714285714263
188.98857142857142,114.19142857142863
168.1628571428571,97.07714285714282
178.75428571428577,108.89999999999996
147.89142857142858,101.26857142857135
158.9342857142854,92.45714285714284
141.9942857142855,110.4942857142857
114.71714285714287,100.7857142857143
120.36857142857134,78.86857142857137
104.24,86.6571428571429
107.3714285714286,89.35428571428565
111.19714285714296,73.15999999999983
99.20571428571422,78.34285714285701
103.1028571428571,83.63142857142857
93.60857142857137,69.22285714285707
91.6171428571429,63.634285714285696
89.07999999999993,69.94285714285702
90.58571428571425,68.01714285714283
89.2085714285714,69.24285714285706
93.95714285714288,65.50857142857137
80.04857142857144,71.01428571428565
78.90285714285714,59.75142857142854
73.2657142857143,66.3514285714285
70.41428571428563,58.45714285714288
65.37714285714281,49.245714285714264
77.73714285714273,55.42857142857145
59.04571428571423,59.771428571428594
70.50285714285705,56.76571428571432
66.95142857142856,54.93714285714287
58.54857142857145,53.72857142857142
62.0085714285715,54.95142857142854
57.36,53.785714285714214
59.80285714285714,56.80285714285716
54.834285714285684,51.33142857142856
57.559999999999945,54.70571428571429
60.19428571428573,51.19428571428569
54.33142857142856,57.52571428571425
51.32285714285713,49.53999999999999
51.19142857142858,61.47428571428569
54.32857142857141,49.38285714285712
49.625714285714245,48.005714285714255
48.12285714285714,51.52285714285714
47.297142857142845,49.425714285714264
55.237142857142835,51.57142857142851
49.691428571428574,57.13142857142851
45.659999999999975,52.72857142857142
43.41999999999999,45.971428571428596
43.528571428571354,53.997142857142826
48.95714285714287,46.29428571428567
47.265714285714225,48.95428571428572
47.98285714285706,51.06571428571426
45.66571428571428,40.725714285714325
38.82857142857137,47.53714285714285
40.92571428571428,46.46571428571425
41.81714285714282,42.64857142857142
41.679999999999964,50.53428571428565
40.98571428571431,49.86285714285711
39.85714285714282,52.6742857142857
37.199999999999946,45.8285714285714
42.9828571428571,48.20857142857141
39.982857142857085,44.47142857142852
43.145714285714256,49.43714285714286
42.1857142857143,43.35714285714288
40.72285714285715,46.56
39.139999999999944,46.099999999999966
38.68857142857138,47.462857142857125
38.52857142857147,47.32285714285708
36.68571428571421,45.67999999999997
40.865714285714304,48.208571428571396
36.50571428571432,45.32
36.07714285714283,44.617142857142845
38.13142857142854,49.21428571428572
34.26857142857139,48.69714285714283
38.94571428571427,47.60857142857145
34.74285714285712,49.197142857142836
38.25714285714284,51.57428571428574
35.03999999999996,49.49428571428568
35.88285714285709,46.84285714285714
36.099999999999945,44.33428571428567
35.64000000000001,46.27142857142858
33.685714285714226,46.151428571428596
33.37714285714287,43.67428571428568
33.65714285714281,50.78285714285713
39.67999999999995,50.085714285714346
35.91142857142856,40.494285714285716
35.38857142857138,45.88571428571423
41.67714285714285,44.32285714285715
34.585714285714246,43.531428571428606
35.52857142857143,47.299999999999905
35.16571428571425,51.01142857142851
34.9971428571428,46.18285714285708
37.18285714285711,43.711428571428506
37.31999999999997,46.028571428571404
36.13142857142852,50.3142857142857
35.38571428571427,46.17428571428571
34.76857142857141,43.41999999999997
37.18571428571431,44.477142857142844
36.47999999999998,48.345714285714244
38.777142857142856,49.17999999999999
37.254285714285686,46.57714285714284
36.202857142857134,47.07999999999992
32.982857142857114,43.90857142857137
36.32857142857141,47.86571428571425
35.27999999999998,48.588571428571406
36.94571428571429,47.36857142857141
33.83999999999998,44.92285714285712
33.80571428571431,46.74285714285708
31.84857142857144,45.9028571428571
33.88285714285714,44.908571428571406
36.165714285714245,44.802857142857114
35.171428571428486,44.78285714285712
37.1457142857143,52.74857142857139
35.32571428571425,49.62857142857135
34.57428571428568,45.44285714285713
37.454285714285696,46.85714285714282
37.24285714285714,49.13999999999998
36.24571428571422,43.26857142857142
33.90285714285715,48.814285714285695
33.27714285714287,48.5228571428571
33.68571428571424,40.70285714285707
40.34571428571426,47.23142857142851
34.27714285714283,47.13714285714285
34.534285714285694,45.61428571428571
33.24857142857134,51.0628571428571
31.05142857142854,48.18857142857145
34.67142857142855,46.07142857142851
36.09714285714282,45.0571428571428
35.9885714285714,46.054285714285676
36.05428571428568,46.89714285714287
35.785714285714235,49.1628571428571
33.868571428571435,43.991428571428585
38.19428571428567,47.16571428571431
31.491428571428585,43.74285714285714
32.40571428571424,47.36285714285719
29.80857142857145,47.17714285714285
38.480000000000004,45.84571428571427
31.402857142857105,44.4571428571428
35.685714285714226,46.10571428571425
33.71142857142853,44.85142857142853
28.442857142857118,46.917142857142856
37.21714285714282,49.34000000000003
31.71428571428572,44.67714285714285
36.694285714285726,46.72857142857142
31.062857142857144,46.93999999999997
35.49428571428569,48.28571428571419
33.57999999999995,47.38285714285712
33.734285714285676,43.748571428571424
34.27999999999999,42.65999999999995
38.01714285714283,46.354285714285666
36.24285714285711,42.5828571428571
34.099999999999994,50.742857142857105
31.171428571428603,43.948571428571356
33.89714285714287,44.085714285714275
37.00857142857139,46.61999999999995
36.56285714285708,45.41428571428566
34.128571428571455,44.93999999999992
32.085714285714275,47.174285714285716
36.18571428571427,44.779999999999966
33.011428571428546,48.557142857142836
36.379999999999946,46.694285714285705
33.42,45.625714285714274
31.228571428571435,45.43142857142851
34.317142857142834,46.73714285714284
35.29142857142853,46.385714285714286
34.98857142857137,42.297142857142866
37.579999999999934,44.72571428571428
33.87714285714284,42.20857142857136
32.339999999999975,47.67142857142852
40.47714285714285,42.925714285714335
31.702857142857116,45.311428571428586
30.971428571428568,46.982857142857135
33.848571428571404,48.75142857142854
32.77142857142856,45.81142857142854
33.554285714285655,43.897142857142796
37.705714285714215,49.68571428571426
32.074285714285686,48.302857142857114
31.311428571428593,48.77999999999999
34.78285714285714,47.6228571428571
33.48,46.799999999999976
33.54857142857142,50.71714285714282
32.30285714285715,46.54571428571424
35.414285714285654,47.47999999999995
33.61999999999994,46.32571428571426
35.019999999999975,45.33714285714281
30.642857142857128,43.8142857142857
31.988571428571454,45.05142857142856
32.28000000000001,39.905714285714275
35.03142857142858,44.74857142857142
34.345714285714294,45.419999999999945
34.32285714285716,45.305714285714274
36.42571428571423,47.39714285714284
33.03428571428568,50.44857142857147
33.279999999999966,42.53999999999997
36.77999999999998,46.98857142857139
32.18857142857142,45.06285714285715
31.71428571428572,47.01428571428569
34.07428571428569,42.551428571428566
31.451428571428586,45.85428571428563
33.71714285714284,45.51142857142857
31.248571428571413,47.25714285714284
31.017142857142847,48.26857142857142
32.46571428571429,45.72571428571427
33.86571428571428,50.93428571428567
31.542857142857144,44.84571428571424
35.93714285714276,44.219999999999935
33.54285714285709,41.514285714285755
35.33714285714283,42.47142857142853
35.25142857142857,48.87714285714279
37.12285714285709,45.49428571428571
34.12285714285714,41.02857142857143
32.94285714285709,45.66571428571424
33.88857142857142,42.58571428571425
36.297142857142866,43.94857142857139
31.811428571428586,48.379999999999946
31.617142857142856,44.468571428571416
34.24857142857139,43.074285714285715
31.588571428571427,44.51142857142853
31.2514285714286,44.777142857142906
34.274285714285675,44.24857142857143
35.4428571428571,50.25714285714286
34.04285714285716,43.728571428571406
31.882857142857112,44.83999999999998
34.079999999999934,43.83999999999998
35.98000000000001,50.90571428571427
33.451428571428565,46.34571428571427
32.48571428571427,46.19428571428569
35.13142857142857,48.05428571428571
32.56571428571422,42.57142857142857
32.4714285714286,46.06857142857143
34.52571428571426,44.480000000000004
34.51142857142853,48.462857142857125
30.765714285714292,47.20285714285709
35.34857142857137,41.99428571428569
33.19714285714288,42.91714285714285
31.771428571428594,45.04285714285713
35.368571428571364,41.745714285714286
32.362857142857116,44.1771428571428
30.848571428571397,41.75428571428566
30.271428571428565,48.29999999999994
32.0085714285714,43.65428571428568
37.18857142857142,48.04285714285712
34.39142857142852,44.13999999999995
32.62857142857144,42.36571428571428
36.54857142857146,44.791428571428554
33.70857142857139,45.15714285714285
36.01428571428568,43.348571428571404
33.031428571428556,43.634285714285674
32.388571428571424,45.45714285714278
34.02571428571425,44.54285714285714
35.37142857142854,47.882857142857134
33.75999999999999,44.07428571428571
35.01428571428571,43.5371428571428
33.09999999999996,48.0771428571428
32.45714285714281,41.55714285714283
31.75714285714289,47.14
33.24571428571428,47.88285714285714
32.377142857142836,43.16571428571427
34.44571428571427,45.39142857142856
34.3771428571428,50.38571428571426
32.474285714285685,43.55142857142858
32.21999999999996,40.8971428571428
39.18571428571427,44.93714285714283
34.794285714285685,45.34285714285712
34.334285714285684,46.27999999999997
38.27142857142856,46.354285714285695
30.994285714285688,43.805714285714224
32.345714285714216,43.894285714285665
34.65142857142853,44.239999999999945
32.86000000000002,43.494285714285695
35.17142857142851,44.76285714285715
33.868571428571386,43.46285714285716
30.73428571428569,51.08857142857149
32.14285714285713,42.75714285714284
33.45428571428567,42.617142857142845
32.342857142857135,46.19428571428568
32.01999999999999,48.76571428571425
37.41142857142855,46.03714285714283
31.071428571428573,44.69714285714283
34.234285714285676,46.79142857142857
34.90571428571421,46.02571428571427
31.234285714285704,46.734285714285676
37.617142857142824,44.54285714285715
33.06857142857138,49.8028571428571
36.15428571428569,45.617142857142824
34.52571428571425,42.88285714285715
35.754285714285686,45.40285714285718
31.83714285714285,41.59142857142859
35.345714285714294,45.79428571428571
31.685714285714297,45.94285714285711
33.02285714285708,41.19714285714284
34.87142857142856,49.274285714285675
32.862857142857095,47.845714285714266
31.01714285714285,48.7
31.234285714285697,46.8485714285714
31.82857142857135,49.414285714285725
37.65999999999995,45.971428571428554
32.69999999999996,44.13714285714288
30.13714285714284,49.459999999999965
34.63714285714282,47.54571428571425
32.73714285714287,45.19142857142862
33.24285714285716,47.89714285714287
36.79714285714282,41.311428571428564
36.34571428571422,49.64285714285711
32.7714285714286,47.7114285714285
33.34285714285715,41.911428571428566
36.80285714285712,45.071428571428605
36.22571428571428,43.54571428571428
33.03142857142855,46.077142857142825
32.33714285714282,43.00285714285707
31.51714285714286,44.73428571428563
35.79142857142857,49.1285714285714
37.4142857142857,51.948571428571405
34.554285714285676,41.67999999999987
37.125714285714295,46.934285714285686
33.154285714285706,42.89999999999999
37.339999999999925,46.86571428571428
35.00285714285712,44.35999999999999
30.319999999999986,43.11999999999996
30.862857142857138,44.23142857142854
35.077142857142825,45.43714285714281
32.40285714285711,43.63428571428573
32.59714285714283,44.53714285714282
32.28857142857143,43.67999999999998
32.942857142857136,45.011428571428546
33.63714285714282,42.754285714285714
30.70285714285714,46.81714285714285
36.03999999999996,44.71714285714286
31.465714285714284,46.82857142857141
32.52571428571427,44.9257142857143
35.76571428571425,45.97999999999995
34.379999999999995,45.228571428571406
36.559999999999924,46.25714285714282
33.79428571428571,44.348571428571404
36.202857142857084,41.08000000000001
32.5857142857143,44.59999999999997
33.67999999999999,42.217142857142804
34.699999999999974,44.977142857142844
33.89714285714282,40.90857142857142
32.52857142857143,46.52285714285714
33.27428571428568,41.91999999999999
35.43999999999996,42.551428571428495
31.888571428571414,49.399999999999885
34.408571428571385,41.8942857142857
29.942857142857118,45.074285714285736
34.602857142857125,44.17142857142852
30.971428571428582,45.39142857142857
32.3857142857142,42.099999999999945
33.145714285714256,43.7657142857143
33.98571428571425,43.71428571428569
34.27999999999997,42.61142857142855
35.08857142857135,46.982857142857135
31.834285714285706,44.61428571428571
32.46857142857143,47.95999999999998
33.419999999999966,44.75428571428572
34.34285714285716,46.29714285714285
31.20571428571428,43.19999999999996
31.742857142857098,44.56571428571429
32.468571428571394,42.2771428571428
36.59714285714282,47.96857142857145
33.68285714285712,41.5
33.754285714285686,42.151428571428575
33.00571428571424,42.99714285714283
38.35428571428573,44.61714285714279
35.17428571428565,45.968571428571416
31.928571428571445,41.36857142857142
34.28857142857136,47.01999999999999
33.98571428571425,45.36571428571426
33.41999999999995,45.33142857142855
30.522857142857124,51.32857142857141
31.82285714285714,46.95714285714287
30.83999999999998,45.07142857142856
35.10571428571428,41.331428571428546
33.73714285714283,49.457142857142784
34.434285714285686,42.211428571428506
33.345714285714244,48.108571428571345
34.63428571428566,44.13428571428572
32.7542857142857,46.334285714285684
34.47142857142855,43.21999999999996
34.02000000000002,47.60857142857141
36.302857142857114,44.46571428571424
36.14571428571426,41.011428571428546
34.03714285714289,45.89428571428571
28.722857142857134,42.588571428571434
32.38857142857136,45.982857142857135
33.279999999999994,45.66285714285713
35.762857142857115,44.49428571428571
32.03142857142855,42.905714285714296
33.63714285714282,47.15999999999997
34.70571428571431,42.52571428571425
33.137142857142834,45.1171428571429
34.74857142857134,48.57142857142859
33.26000000000003,41.057142857142814
33.037142857142825,46.4542857142856
37.397142857142846,47.754285714285714
33.65714285714288,43.72857142857144
33.86571428571428,39.01428571428572
34.9142857142857,45.55714285714291
33.299999999999955,49.537142857142854
35.53714285714282,43.18000000000001
35.57714285714286,43.86571428571428
34.93714285714282,41.09142857142854
36.282857142857125,44.83428571428568
34.58571428571428,48.25428571428572
35.79714285714281,46.32000000000001
34.485714285714266,45.08285714285711
33.87999999999996,45.51714285714281
33.80285714285711,43.59142857142856
36.26571428571426,48.15714285714281
30.934285714285746,46.79714285714283
34.1171428571428,47.494285714285674
34.55714285714279,48.23428571428573
36.31714285714283,44.77999999999996
31.34571428571429,44.722857142857116
36.30857142857142,44.51142857142853
36.43714285714283,44.89142857142853
35.757142857142824,42.39142857142849
33.648571428571394,42.679999999999986
37.065714285714265,47.77142857142858
33.291428571428554,48.045714285714254
31.87714285714282,44.79714285714279
35.959999999999965,42.14571428571426
33.468571428571416,43.42571428571425
32.85999999999996,42.43142857142857
36.434285714285686,49.31714285714291
33.494285714285695,45.211428571428556
34.762857142857094,42.38571428571427
32.99999999999997,51.2685714285714
35.262857142857165,46.402857142857144
32.91999999999998,39.768571428571406
36.51142857142855,44.38571428571429
31.80857142857139,45.939999999999955
33.774285714285696,44.21142857142858
37.411428571428615,46.68285714285712
34.21142857142853,42.58285714285707
38.23999999999994,43.85999999999996
32.55714285714285,47.954285714285696
31.174285714285734,46.93999999999997
31.37142857142856,46.79142857142855
33.43428571428565,46.77999999999998
34.11142857142851,45.3542857142857
32.2742857142857,46.674285714285666
33.53714285714279,47.485714285714245
32.288571428571416,41.371428571428595
34.471428571428525,46.62571428571428
31.825714285714277,47.737142857142835
33.51999999999997,42.24285714285714
31.994285714285684,46.771428571428565
34.594285714285675,39.37142857142855
33.45999999999994,42.24857142857144
36.61142857142861,43.80857142857145
28.797142857142855,45.89142857142855
37.117142857142845,48.35999999999997
35.28285714285712,46.78571428571424
33.091428571428544,43.4
35.62285714285711,44.41714285714283
31.397142857142832,42.71714285714286
34.234285714285654,46.091428571428516
36.894285714285665,43.38285714285714
33.814285714285695,43.111428571428526
34.585714285714275,47.002857142857145
33.68571428571434,44.43142857142855
32.48857142857143,40.84285714285712
31.582857142857147,45.28571428571424
32.697142857142865,41.73999999999999
34.554285714285655,46.07142857142849
32.41714285714287,43.63428571428571
33.91714285714285,42.945714285714246
35.237142857142835,44.11999999999997
31.505714285714237,47.98000000000002
33.67428571428567,40.954285714285724
32.09142857142856,41.39142857142855
36.15142857142857,46.13142857142855
33.26571428571423,41.07714285714281
34.337142857142844,44.08285714285707
32.940000000000005,45.71999999999998
29.72,42.497142857142826
35.165714285714266,43.22857142857141
32.96285714285713,39.714285714285666
32.697142857142836,52.47142857142861
30.071428571428562,46.23142857142852
34.68857142857142,47.237142857142835
34.30285714285714,45.68571428571424
34.265714285714246,37.21428571428568
37.29999999999999,45.49999999999999
35.91714285714282,45.38571428571423
32.43428571428571,43.58857142857144
33.83428571428567,46.482857142857135
34.82571428571424,42.59142857142855
32.28571428571426,43.928571428571416
31.32285714285715,47.328571428571436
34.442857142857086,38.60571428571424
32.95428571428569,43.682857142857095
36.03999999999995,50.13142857142854
35.6828571428571,39.905714285714275
36.22571428571427,44.037142857142804
32.420000000000016,39.788571428571395
33.82571428571426,44.56857142857138
38.642857142857146,46.58
35.15142857142858,42.8085714285714
34.63428571428566,48.71142857142856
34.33142857142856,42.71428571428568
38.76857142857142,47.574285714285686
33.08285714285712,45.67714285714282
33.07142857142851,43.04857142857146
34.157142857142844,48.21142857142853
31.077142857142874,42.14285714285714
33.68571428571422,45.33142857142858
34.36285714285711,44.33142857142859
32.05428571428569,44.01428571428571
30.974285714285713,43.91999999999997
33.12571428571431,40.77428571428571
35.81142857142847,42.405714285714254
35.26857142857142,46.399999999999935
32.325714285714284,43.93428571428571
35.67142857142854,48.268571428571384
35.40285714285718,43.668571428571404
32.39714285714282,43.92857142857143
31.034285714285716,49.26857142857142
34.20285714285708,46.754285714285686
33.794285714285714,42.92285714285714
33.65714285714284,45.85428571428565
33.05142857142858,43.311428571428564
33.81428571428568,45.0685714285714
37.762857142857165,44.12571428571424
31.751428571428544,46.33142857142852
33.21142857142854,43.76857142857136
33.4285714285714,45.95142857142857
32.465714285714284,41.519999999999996
34.89714285714284,46.482857142857156
32.21714285714282,41.07142857142857
34.22285714285716,48.56857142857137
34.14571428571425,43.285714285714256
34.782857142857054,44.42857142857143
32.65714285714284,39.14285714285712
31.63999999999999,45.73714285714285
33.97428571428571,46.579999999999956
34.86857142857138,41.54857142857143
31.151428571428593,41.74571428571424
33.46571428571426,39.59142857142859
30.874285714285705,44.05142857142857
30.43428571428569,43.065714285714314
35.362857142857166,46.05428571428563
35.7371428571428,45.03999999999992
30.77714285714284,45.277142857142906
32.43714285714285,44.20571428571425
30.897142857142853,45.951428571428565
30.280000000000022,43.511428571428574
33.62571428571425,41.2199999999999
34.254285714285686,46.01428571428565
32.88857142857139,41.22571428571425
33.285714285714235,45.688571428571386
32.81142857142855,43.62857142857146
32.81714285714279,44.814285714285695
32.505714285714205,47.4057142857143
34.857142857142854,44.100000000000016
36.90857142857136,44.29142857142859
39.98285714285712,42.234285714285654
36.885714285714236,46.37999999999997
33.85714285714286,44.89714285714285
33.42571428571425,42.48857142857145
37.16285714285711,42.27999999999991
33.76,49.18571428571424
35.24285714285717,45.47999999999997
34.822857142857124,43.24571428571424
34.67428571428569,46.69428571428568
33.10571428571422,44.79142857142851
34.47999999999997,46.699999999999946
37.21142857142858,43.95999999999995
33.151428571428546,46.865714285714205
34.42857142857142,45.09142857142857
31.611428571428576,47.754285714285736
31.33142857142854,43.20857142857141
32.88285714285712,43.448571428571434
31.502857142857117,45.425714285714314
34.31142857142853,41.414285714285654
31.69142857142855,44.57714285714282
34.8685714285714,45.254285714285686
34.274285714285725,48.042857142857144
32.37999999999999,44.90571428571427
33.694285714285726,44.1971428571428
31.79142857142855,43.59714285714279
33.917142857142856,42.808571428571405
34.71142857142854,42.56571428571426
33.92857142857141,43.017142857142865
30.048571428571428,43.31428571428571
32.78285714285715,46.1485714285714
32.842857142857156,45.41142857142848
34.651428571428525,43.394285714285665
33.03999999999997,42.988571428571454
30.665714285714277,39.28857142857145
34.18857142857138,46.14857142857145
32.431428571428626,40.77999999999993
33.65428571428571,43.04571428571428
33.85142857142854,48.06285714285713
33.4828571428571,40.71428571428562
33.37428571428568,43.397142857142846
33.85428571428574,42.55999999999998
33.90285714285711,43.642857142857096
38.039999999999935,43.33714285714284
32.66857142857139,43.56
32.211428571428584,47.32857142857136
31.87142857142852,45.14857142857141
33.32857142857141,47.119999999999976
34.2,44.1428571428571
31.871428571428556,42.50571428571424
35.18571428571426,41.55142857142859
35.448571428571384,44.73999999999999
31.5142857142857,42.25999999999998
34.431428571428555,40.81714285714285
35.28571428571422,44.617142857142824
33.93142857142851,41.462857142857175
35.18285714285711,47.99999999999995
37.219999999999935,43.1428571428571
34.434285714285686,44.32
30.908571428571427,46.651428571428525
33.5885714285714,42.705714285714244
35.451428571428536,46.4142857142857
35.0857142857143,45.27714285714283
35.08857142857144,41.434285714285686
33.04857142857137,45.728571428571406
32.73714285714281,41.277142857142834
32.32285714285711,44.66571428571425
31.862857142857113,45.7028571428571
35.25999999999999,44.91714285714287
35.09714285714284,43.18571428571426
32.99142857142851,44.45714285714288
32.33428571428566,42.225714285714204
29.71142857142856,43.585714285714275
35.90571428571425,42.79428571428569
31.659999999999965,46.00571428571428
37.677142857142854,45.95714285714285
32.11428571428565,47.75428571428571
32.197142857142886,49.79714285714289
33.022857142857085,43.017142857142844
32.24571428571424,43.99142857142852
34.53142857142853,40.75428571428576
32.09714285714286,43.774285714285654
32.20571428571428,39.257142857142796
32.60857142857142,46.72285714285711
34.751428571428534,40.35714285714281
32.58285714285712,42.222857142857166
31.02857142857144,39.79142857142853
32.67714285714285,40.69142857142855
36.71142857142855,42.33714285714278
31.417142857142853,42.61142857142852
36.33428571428571,47.09999999999996
33.75999999999996,42.41714285714285
31.002857142857152,44.27142857142856
32.77714285714287,43.53999999999991
30.199999999999974,47.67999999999996
32.33142857142857,48.43142857142857
30.782857142857118,42.76857142857143
34.12571428571426,44.091428571428615
36.73428571428564,42.21999999999999
35.61999999999995,46.26285714285713
35.07428571428572,43.52571428571428
30.739999999999995,43.29142857142859
32.51142857142852,45.49999999999998
36.022857142857134,45.382857142857134
30.685714285714266,45.70285714285709
31.419999999999973,44.788571428571395
35.160000000000004,48.082857142857144
33.32000000000002,44.4485714285714
32.425714285714314,43.71142857142854
33.23428571428566,42.14857142857139
35.04571428571425,43.35428571428566
33.934285714285686,46.38571428571427
35.49714285714287,41.83714285714283
32.56857142857142,47.90571428571428
34.33714285714281,41.40857142857138
34.29999999999997,46.31142857142855
32.99142857142858,44.14857142857136
38.49428571428566,42.474285714285685
33.128571428571405,47.10285714285716
35.76571428571428,42.08857142857142
33.439999999999976,44.82857142857133
31.88571428571426,44.78571428571422
32.09999999999999,46.12571428571427
33.257142857142846,50.38857142857144
36.908571428571385,44.29714285714288
34.07142857142858,46.47428571428573
30.979999999999993,45.748571428571395
32.477142857142844,42.23142857142858
33.01714285714284,40.67142857142854
36.48571428571427,49.51142857142855
33.01999999999993,44.09142857142857
35.03142857142854,41.637142857142834
35.23428571428571,39.84857142857141
34.09142857142853,42.12
37.18285714285709,43.29714285714288
31.034285714285716,43.35142857142858
34.49714285714283,44.23142857142855
34.48285714285713,41.034285714285645
33.639999999999986,46.542857142857095
32.442857142857136,43.225714285714254
31.49999999999998,42.05428571428561
34.74857142857137,41.73714285714281
34.55142857142859,48.69142857142853
34.17999999999996,45.082857142857094
35.06857142857143,44.77428571428572
34.02285714285711,43.114285714285664
31.908571428571424,41.83714285714283
35.24285714285714,46.177142857142854
30.98857142857143,42.242857142857154
36.80285714285708,42.41428571428569
31.81428571428573,40.35714285714283
30.440000000000012,43.862857142857166
35.982857142857156,43.98857142857145
29.71142857142857,47.917142857142885
36.29999999999996,42.571428571428555
32.87714285714286,47.67999999999998
34.92857142857145,37.78571428571424
32.33142857142855,47.154285714285706
37.434285714285686,41.83142857142852
34.80571428571428,43.994285714285695
35.64571428571426,47.45142857142855
32.04285714285715,42.41142857142856
31.071428571428577,45.28000000000001
35.708571428571425,41.33142857142855
33.10571428571427,47.26857142857142
34.042857142857144,44.534285714285666
31.64571428571427,46.53714285714284
33.74857142857139,43.174285714285645
35.24285714285713,44.40857142857139
34.16285714285709,47.388571428571375
34.96857142857138,44.32857142857137
36.7942857142857,43.02857142857139
33.077142857142846,46.29142857142857
36.00857142857143,41.24857142857143
35.41428571428569,44.25428571428568
34.648571428571415,46.58285714285713
32.05714285714283,42.47142857142857
32.477142857142844,45.87428571428572
32.77714285714288,46.408571428571406
35.108571428571416,44.32857142857141
33.24285714285712,43.13999999999999
33.91714285714287,42.42857142857143
32.411428571428544,46.89142857142855
36.69142857142855,43.51428571428566
33.77428571428564,43.62571428571423
35.85428571428572,44.39142857142857
34.26857142857142,43.259999999999955
35.45428571428562,45.41999999999997
37.41428571428571,40.842857142857135
35.84285714285714,46.925714285714264
29.248571428571424,43.051428571428566
33.92285714285712,43.95142857142854
28.885714285714297,44.94857142857136
34.62285714285713,45.397142857142875
33.288571428571395,46.902857142857165
34.47999999999997,47.5228571428571
29.662857142857163,43.660000000000004
34.014285714285634,44.31428571428572
31.680000000000014,42.05142857142856
30.862857142857134,46.71714285714285
36.45142857142853,43.04571428571423
33.61142857142855,49.385714285714286
33.31142857142853,40.819999999999965
32.054285714285676,44.4742857142857
30.99142857142857,47.60285714285716
31.577142857142867,44.36857142857142
38.75428571428569,45.44285714285716
33.04571428571427,42.205714285714286
32.41714285714282,43.70857142857137
34.65428571428567,47.93714285714284
31.159999999999968,44.83428571428567
33.72571428571429,46.18857142857141
32.32571428571424,44.32857142857144
35.65142857142853,45.98857142857142
32.745714285714264,46.062857142857126
35.91428571428566,41.51428571428571
31.740000000000006,47.45142857142855
33.17428571428567,41.48857142857147
36.55999999999994,38.474285714285685
32.07714285714283,43.91999999999995
34.00285714285711,43.622857142857136
35.50857142857138,41.642857142857146
33.94857142857144,44.231428571428594
34.1885714285714,47.13714285714279
30.122857142857132,49.33428571428567
35.099999999999945,45.97142857142854
34.694285714285726,48.76285714285715
33.85714285714281,41.64857142857144
34.179999999999986,41.83428571428565
34.55142857142855,42.28571428571427
33.662857142857106,50.39142857142856
32.0,48.27999999999994
31.92571428571427,41.64
31.654285714285685,43.96000000000003
33.857142857142854,44.9428571428571
35.79142857142861,46.18857142857138
32.059999999999974,41.9
36.72285714285713,43.185714285714305
36.7828571428571,44.72571428571429
34.934285714285686,40.23428571428568
35.34285714285713,47.59999999999998
34.83999999999998,42.45714285714278
33.76285714285713,48.33142857142859
31.16000000000001,41.902857142857115
37.2685714285714,46.07142857142856
32.737142857142814,38.82571428571426
36.425714285714264,40.49428571428576
31.382857142857077,47.64285714285711
34.119999999999976,42.67142857142854
33.44571428571429,45.81428571428573
33.53999999999999,39.75428571428569
34.9171428571428,49.63142857142857
33.36285714285713,40.81714285714284
34.614285714285685,49.60857142857139
31.157142857142837,44.725714285714226
35.04857142857134,40.49428571428573
34.485714285714245,45.308571428571454
36.59999999999989,45.55428571428565
31.305714285714267,45.471428571428525
33.56857142857148,40.4971428571429
34.64571428571422,43.382857142857176
35.942857142857164,48.1828571428571
33.67142857142854,43.75142857142853
35.95142857142858,44.38285714285712
35.46571428571431,44.72857142857143
31.514285714285677,41.1228571428571
40.639999999999986,47.462857142857104
32.53142857142855,44.719999999999956
35.10857142857137,42.69142857142852
32.42571428571429,44.67142857142854
35.0085714285714,45.20571428571426
33.54571428571429,41.957142857142834
34.437142857142824,45.971428571428525
34.15142857142855,45.37428571428568
37.80285714285706,46.59142857142853
36.43428571428572,45.57142857142858
36.125714285714245,46.111428571428526
34.191428571428574,43.4657142857143
35.07428571428569,45.765714285714274
35.488571428571426,43.711428571428506
35.61428571428566,49.13714285714278
34.479999999999954,47.29142857142851
32.620000000000005,44.17428571428566
35.6942857142857,46.88285714285714
32.57142857142854,39.04857142857144
34.551428571428566,41.31714285714281
30.925714285714264,42.73428571428573
32.8342857142857,47.63142857142852
33.44000000000002,46.30857142857145
37.597142857142764,42.84857142857135
34.108571428571395,48.16571428571429
33.47714285714277,41.47142857142851
32.73142857142857,43.90857142857138
32.46571428571427,48.674285714285695
32.80857142857137,42.24285714285714
37.05428571428572,39.21999999999992
37.62285714285711,42.47999999999995
32.28571428571428,44.08571428571426
32.09428571428571,46.38285714285713
33.842857142857156,38.70285714285715
33.488571428571404,45.56285714285705
34.17999999999995,43.04285714285715
34.48571428571423,45.331428571428546
36.24285714285703,41.4342857142857
35.69428571428574,42.28857142857136
31.385714285714243,44.04285714285713
34.785714285714285,47.54000000000002
35.22285714285713,41.29142857142857
31.87142857142858,45.68857142857144
34.61999999999994,42.64571428571425
32.63428571428566,41.86285714285713
33.86571428571422,43.73999999999997
34.75428571428566,46.1971428571428
37.0942857142857,47.671428571428564
36.288571428571366,47.30285714285705
34.98857142857142,41.219999999999935
31.83428571428572,42.44571428571425
31.968571428571444,45.591428571428544
34.005714285714205,45.577142857142846
31.922857142857076,45.11714285714282
30.53999999999999,44.234285714285726
30.37714285714288,43.594285714285675
34.74285714285716,44.50571428571423
34.64000000000001,43.10285714285708
35.24857142857146,40.18857142857138
39.05714285714285,44.374285714285755
32.56571428571426,41.39714285714284
32.102857142857125,47.45142857142853
36.10571428571429,46.74857142857146
33.35142857142857,44.90285714285713
32.65142857142853,39.31999999999998
31.971428571428547,43.19714285714281
34.7914285714286,44.045714285714226
30.68571428571428,43.49714285714282
31.77142857142854,44.22
34.84857142857144,46.95428571428565
33.911428571428566,46.33142857142852
32.6885714285714,46.25714285714285
33.37999999999999,41.48571428571429
28.937142857142856,45.44000000000002
31.934285714285704,49.05142857142856
32.27142857142856,42.14857142857143
34.58857142857142,43.93714285714283
34.73142857142859,44.02285714285712
30.30285714285715,45.954285714285675
33.237142857142835,41.4114285714286
33.9457142857143,45.49714285714284
32.03142857142858,46.31999999999997
34.68857142857137,43.83428571428576
33.77142857142859,43.15142857142849
31.49142857142856,41.99428571428574
33.91142857142856,47.071428571428626
34.92571428571419,48.5057142857143
32.87142857142854,48.16857142857141
37.72857142857139,42.302857142857135
35.7285714285714,43.742857142857126
33.84285714285715,43.97714285714287
32.65142857142857,43.28285714285711
35.38285714285712,45.63142857142856
31.348571428571415,46.282857142857125
36.328571428571436,49.02571428571427
32.72000000000005,42.41428571428571
36.39428571428567,43.5114285714285
35.02571428571427,41.442857142857136
37.75999999999998,42.84857142857147
34.094285714285654,40.671428571428486
33.94857142857137,44.140000000000036
32.988571428571404,40.50857142857143
34.394285714285665,41.86000000000003
34.76000000000001,46.1285714285714
33.46857142857138,45.451428571428565
35.997142857142876,43.07999999999998
32.37428571428569,46.96285714285709
39.47428571428573,45.93428571428567
35.67714285714281,46.93428571428569
29.722857142857162,41.66857142857141
31.928571428571413,42.45142857142852
33.2085714285714,41.839999999999996
34.771428571428565,45.768571428571384
31.27428571428572,46.29428571428571
35.14571428571426,44.23142857142855
30.98571428571429,41.61999999999999
33.01142857142853,46.708571428571375
35.21142857142857,43.51714285714287
35.48857142857145,37.37428571428566
38.917142857142885,40.4257142857142
34.6,42.302857142857135
35.28000000000001,42.63142857142856
33.53428571428572,45.691428571428546
33.45714285714285,44.12
32.12285714285713,44.022857142857085
30.299999999999994,45.44571428571431
30.937142857142867,45.98857142857138
32.94857142857139,41.17714285714283
34.231428571428545,45.37999999999998
31.837142857142847,43.20857142857142
31.948571428571448,40.29999999999999
31.831428571428614,46.02285714285712
37.36285714285713,42.42857142857136
38.371428571428545,39.81428571428571
38.725714285714226,39.50857142857142
33.18857142857141,46.74857142857142
34.59428571428573,44.79714285714282
33.317142857142855,42.64857142857137
32.51714285714285,39.9114285714286
33.599999999999966,41.91714285714287
33.777142857142806,43.75428571428564
33.248571428571374,40.35142857142854
36.439999999999976,44.38285714285714
31.762857142857133,44.80000000000002
31.311428571428575,41.96571428571428
32.64571428571426,43.55142857142855
30.12285714285713,47.45999999999998
31.519999999999985,43.84857142857143
31.325714285714295,45.19428571428571
32.22285714285711,41.89999999999997
30.342857142857127,43.55999999999998
35.72285714285718,42.637142857142834
32.37142857142857,43.92857142857143
31.63142857142857,43.497142857142826
34.42571428571427,47.49999999999997
35.16571428571425,43.10571428571429
36.088571428571406,40.14857142857132
33.3457142857143,46.6314285714285
36.53428571428569,44.51428571428568
31.845714285714237,42.98857142857142
31.839999999999986,43.15428571428565
33.408571428571385,43.21142857142853
298.4085714285712,275.5000000000001
243.87428571428558,241.03428571428555
251.2314285714287,214.75714285714287
237.23142857142875,178.85714285714266
246.33714285714285,154.98857142857148
247.49142857142857,152.09142857142845
251.3085714285712,163.2571428571427
256.6342857142854,138.1285714285713
247.8571428571428,154.0257142857142
235.36857142857136,172.39142857142832
252.7342857142856,140.71142857142868
259.74285714285696,137.07714285714295
235.5485714285713,152.45142857142844
277.6371428571426,140.82285714285717
264.34000000000003,135.9857142857142
242.70285714285714,141.15142857142854
232.65428571428555,129.5228571428571
232.30000000000004,108.11714285714275
239.94285714285715,124.96857142857132
228.87142857142854,126.63428571428575
240.87142857142865,126.5714285714284
235.3942857142858,134.11714285714257
229.23142857142858,116.73714285714286
247.8685714285713,119.89142857142849
244.98857142857113,105.2142857142857
235.3314285714284,120.62857142857139
236.7542857142857,111.49142857142859
241.29714285714275,113.60571428571411
237.6114285714287,119.00857142857144
227.25142857142856,109.25999999999983
214.5371428571429,118.34571428571432
218.7714285714285,105.18285714285707
221.41714285714286,111.49714285714273
236.4257142857143,120.65142857142848
233.13142857142853,96.98285714285706
228.58857142857147,108.25714285714284
211.4885714285712,87.85142857142846
206.51428571428553,90.2285714285713
218.18571428571428,92.66857142857138
221.68857142857135,80.03999999999996
213.31714285714273,88.66571428571422
217.1371428571428,81.19999999999999
203.57428571428585,88.14857142857137
234.09142857142848,92.87428571428568
221.9914285714284,86.32571428571418
239.13714285714295,86.63714285714275
207.90571428571425,87.50571428571418
204.32857142857125,84.24571428571429
203.42285714285703,85.5714285714285
211.6685714285713,75.24857142857147
193.71428571428575,85.7914285714285
201.5657142857142,81.94285714285711
212.67999999999992,84.43714285714283
201.46857142857135,88.24000000000005
189.13714285714258,88.16571428571427
197.8799999999999,89.45142857142848
232.92571428571438,83.12571428571424
214.64857142857136,73.55999999999995
202.622857142857,69.01142857142864
200.55428571428575,68.63142857142859
219.5228571428571,75.64285714285705
173.77714285714293,75.24857142857138
202.19142857142847,75.15999999999997
212.1342857142857,69.71142857142856
216.55428571428564,70.7314285714286
203.75999999999996,76.76857142857149
206.4742857142856,79.12857142857136
216.48285714285714,70.01714285714276
225.58857142857147,62.38285714285711
201.49714285714265,84.76285714285717
190.42857142857167,76.07142857142837
216.29428571428562,73.79999999999991
200.49714285714293,67.69714285714282
179.26857142857133,68.37428571428563
195.3742857142858,69.96571428571428
200.88285714285715,64.11428571428573
211.06285714285707,63.21999999999997
201.99428571428555,72.4114285714285
222.6714285714285,60.96285714285713
202.06857142857146,71.45428571428562
192.3742857142858,69.11428571428577
185.01428571428553,75.78857142857139
197.46857142857127,60.67142857142859
211.9799999999999,61.188571428571386
212.7657142857142,66.13999999999996
201.43714285714293,69.40857142857135
196.32857142857165,62.53428571428561
199.01999999999978,71.73142857142852
177.61999999999986,72.03999999999992
205.92285714285686,73.02285714285702
203.01714285714257,76.7342857142856
191.85142857142873,74.9028571428571
210.71428571428558,69.09142857142852
190.43142857142865,64.66285714285718
181.7085714285714,62.208571428571446
206.98571428571438,63.98571428571423
181.38000000000002,70.64571428571425
181.72285714285698,63.071428571428584
195.09714285714273,66.95142857142841
187.31714285714278,71.31428571428565
187.24285714285708,69.90857142857146
191.35142857142841,68.28285714285715
207.78857142857132,65.96571428571424
192.51428571428562,72.60285714285706
199.81714285714273,71.87142857142852
184.89999999999978,66.24571428571433
181.58857142857144,72.86571428571422
174.71142857142863,66.53142857142853
181.0514285714283,66.93428571428562
185.07714285714283,62.125714285714295
190.96000000000004,64.95714285714281
185.502857142857,72.68857142857128
168.26000000000005,72.42571428571421
189.92857142857147,65.31428571428553
198.12571428571442,67.12285714285709
212.3199999999999,62.77428571428572
189.29714285714266,66.89714285714287
179.37999999999963,61.91428571428571
193.97714285714278,63.86857142857136
162.71714285714285,72.00857142857141
183.31142857142856,63.74285714285704
179.69428571428554,70.13999999999992
180.61428571428584,69.87142857142861
184.8771428571428,69.86857142857133
188.76857142857125,64.91999999999985
175.4999999999998,59.04000000000002
215.4542857142856,63.75142857142857
207.0057142857142,67.39999999999996
178.31714285714278,63.51142857142853
176.67142857142855,66.12857142857135
179.16285714285692,64.89428571428574
183.3228571428571,68.45428571428572
176.50000000000006,65.69142857142855
184.64,59.81142857142859
181.37428571428555,65.62285714285703
190.4828571428571,65.22857142857139
182.05999999999983,66.84285714285704
196.85428571428545,59.67142857142853
179.32571428571407,61.00857142857143
163.4628571428572,64.9228571428571
200.37714285714256,61.108571428571416
188.14571428571412,74.6371428571428
190.16571428571396,60.34571428571427
182.56571428571417,56.2371428571429
193.51142857142844,59.43428571428572
175.6685714285714,68.76285714285709
177.70285714285694,66.87999999999998
183.2285714285712,59.33142857142859
186.4571428571429,66.91428571428568
162.1628571428572,68.02857142857145
192.03428571428563,68.14285714285705
171.34571428571434,62.52857142857141
168.7028571428571,68.99999999999997
180.01428571428565,64.51428571428573
182.54857142857142,57.217142857142846
169.3571428571429,63.16571428571431
172.7314285714285,61.80000000000006
178.27142857142837,67.83428571428563
180.27714285714274,59.48000000000004
167.31142857142848,62.008571428571415
188.27142857142832,69.0771428571429
173.35999999999984,64.74857142857142
175.66571428571393,63.817142857142876
182.90857142857143,65.78571428571418
188.7514285714284,58.22571428571425
195.65714285714265,64.3514285714286
181.6199999999998,63.03142857142856
172.48857142857145,61.705714285714286
176.59999999999982,57.65142857142854
179.09428571428566,63.55428571428566
183.49428571428584,57.205714285714244
179.32857142857137,58.811428571428564
155.562857142857,62.774285714285696
183.25714285714287,66.0942857142856
185.53142857142848,63.4085714285714
193.4828571428571,56.17142857142851
187.34857142857126,68.6942857142857
193.3571428571428,59.49714285714289
199.5514285714284,68.65714285714272
183.17428571428584,62.74571428571428
188.81999999999982,58.954285714285724
175.99428571428547,67.01428571428569
196.43999999999983,66.6599999999999
168.4171428571428,62.174285714285716
182.42285714285723,60.202857142857134
186.71714285714262,64.84571428571434
180.1942857142855,55.637142857142855
186.3571428571429,60.93428571428569
161.81142857142856,67.26571428571428
172.35714285714266,54.942857142857115
189.05142857142857,65.13428571428572
190.69999999999996,65.06571428571428
169.12285714285716,57.09714285714288
196.92285714285723,57.98285714285708
190.99428571428558,65.49142857142851
175.6257142857142,59.97142857142854
155.6171428571428,62.817142857142876
176.83142857142846,61.308571428571355
168.71428571428567,63.6885714285714
161.70857142857142,63.162857142857156
153.62571428571434,54.82571428571422
168.68571428571403,59.69999999999998
202.8885714285715,52.76
189.57999999999987,58.288571428571395
184.81999999999982,61.737142857142814
183.65714285714293,58.58857142857145
168.5542857142856,57.25142857142856
191.91428571428546,57.18285714285709
183.73142857142858,59.248571428571395
178.7742857142857,61.805714285714274
175.10571428571404,54.59142857142854
176.1914285714288,60.33428571428573
177.47714285714298,66.53142857142846
183.86857142857147,67.45428571428575
173.6885714285712,53.98000000000001
184.19428571428585,56.7257142857143
167.74285714285696,58.457142857142834
182.33142857142838,61.27142857142857
166.24857142857124,60.585714285714275
178.05714285714274,52.65142857142853
167.3885714285713,57.6742857142857
165.8714285714283,60.16285714285709
169.53428571428572,58.354285714285716
180.39428571428564,58.27142857142857
178.74857142857135,59.077142857142796
175.15714285714262,56.50857142857141
193.82000000000005,60.871428571428574
185.79142857142867,54.6171428571429
174.74285714285705,59.73714285714292
186.5999999999999,61.82285714285711
161.97142857142825,62.3142857142857
180.97714285714295,55.25714285714284
180.65142857142865,57.04571428571432
189.4799999999999,56.037142857142804
176.7114285714284,55.78857142857139
171.22285714285684,62.57142857142857
185.2485714285714,57.26571428571425
178.9485714285713,59.84
176.40857142857166,57.30857142857146
160.04571428571433,57.08857142857143
172.90571428571425,59.94571428571425
169.1314285714286,58.574285714285715
171.99142857142854,57.94
180.06857142857132,54.288571428571416
176.87999999999997,60.37428571428571
177.82285714285686,56.47714285714286
192.0742857142857,61.694285714285726
177.09714285714279,55.84571428571425
175.1142857142855,54.31142857142855
196.77428571428592,53.597142857142806
175.74285714285702,52.474285714285735
162.4514285714285,63.645714285714206
176.67999999999992,61.08
178.8885714285713,54.22857142857143
195.32857142857125,62.4771428571428
169.06285714285724,63.851428571428585
180.07428571428568,60.78285714285711
171.24571428571426,56.33142857142855
158.37999999999988,55.93714285714286
171.90285714285724,65.93428571428564
185.41428571428557,63.8457142857142
166.60571428571427,54.382857142857134
156.79999999999987,63.41428571428568
160.6971428571424,62.30571428571427
183.64000000000007,63.44571428571429
174.02285714285705,58.96000000000002
187.3314285714284,54.76000000000001
174.12857142857155,59.39999999999993
177.75142857142842,54.99428571428572
177.88857142857134,55.057142857142836
179.45428571428573,55.485714285714295
176.64571428571398,53.705714285714286
178.13142857142842,57.12285714285714
182.99142857142854,62.98285714285714
164.29428571428565,58.51428571428562
171.28571428571416,56.05142857142855
174.4799999999999,50.354285714285695
189.98571428571404,60.591428571428466
165.99714285714293,57.24
185.62285714285713,62.84571428571427
178.05714285714285,62.86571428571423
174.9028571428572,60.8142857142857
157.62285714285704,54.408571428571385
175.9342857142856,57.74571428571431
170.3114285714285,53.71428571428567
154.18285714285702,59.537142857142854
169.33999999999986,59.99428571428568
181.41428571428568,61.3628571428571
183.55428571428564,56.99428571428566
175.51999999999956,62.75428571428571
179.52285714285696,63.268571428571356
170.32285714285695,61.754285714285686
180.33142857142843,60.70857142857141
200.88571428571404,56.65428571428571
183.68571428571403,59.21142857142853
159.8371428571427,56.202857142857134
173.12571428571428,61.81142857142848
189.182857142857,60.37714285714286
170.537142857143,57.03999999999996
174.8142857142856,66.67428571428576
169.69142857142865,55.60571428571428
169.81999999999985,53.09142857142856
184.87428571428555,61.64571428571426
173.7199999999999,56.66857142857141
166.18857142857144,57.48571428571423
173.64857142857124,56.442857142857115
159.82285714285695,56.905714285714296
173.04571428571424,61.43142857142851
165.022857142857,55.58857142857138
172.48857142857125,56.38857142857141
171.24285714285696,59.20000000000003
172.8628571428571,57.17999999999995
169.18857142857138,63.80000000000001
183.5771428571428,57.65714285714289
169.21428571428564,58.382857142857084
171.12857142857155,54.90285714285713
180.90571428571417,60.57428571428567
164.53428571428535,59.885714285714265
170.61142857142858,56.43142857142857
184.4028571428572,48.87142857142853
166.63714285714258,60.13142857142853
181.83142857142843,59.317142857142834
165.31999999999988,51.77428571428566
165.4457142857142,55.45999999999996
165.245714285714,60.468571428571366
171.36285714285702,59.32285714285713
182.0657142857143,55.971428571428554
167.79714285714257,59.568571428571396
165.41714285714272,55.857142857142826
165.71428571428555,56.84857142857133
170.75428571428554,56.08285714285712
177.45999999999995,62.422857142857175
154.39714285714274,55.54857142857143
181.21428571428567,56.311428571428486
160.41428571428557,51.11428571428574
169.74571428571426,52.34000000000002
151.52571428571423,58.89142857142855
166.44857142857128,61.83428571428577
163.90571428571425,55.37999999999998
166.6542857142855,56.6342857142857
177.65142857142848,54.99714285714285
163.93142857142854,55.02857142857141
198.82857142857142,61.399999999999956
144.75428571428574,53.579999999999956
162.03999999999985,59.18857142857146
178.18571428571417,54.685714285714276
165.0057142857143,52.61142857142855
161.61142857142858,54.737142857142885
174.2828571428572,54.37428571428573
154.91999999999987,61.940000000000055
167.88857142857142,56.21714285714289
179.24000000000004,52.47428571428571
157.05714285714285,54.95428571428568
182.36000000000013,56.731428571428616
173.41428571428568,56.23999999999999
160.18857142857135,56.97999999999994
188.14285714285728,56.1285714285714
169.29142857142836,57.72571428571427
162.36285714285705,52.73714285714286
157.05428571428573,57.89714285714284
153.76285714285711,58.08000000000001
167.31142857142848,53.88571428571424
165.41999999999996,47.56857142857139
169.53999999999965,54.388571428571375
158.04285714285714,60.314285714285674
186.71999999999997,59.34285714285718
158.94857142857126,50.86571428571426
153.13142857142827,53.85428571428567
152.05428571428575,60.35999999999999
172.9257142857143,57.474285714285685
160.82857142857128,63.157142857142745
162.56285714285718,55.245714285714264
155.11999999999983,61.211428571428584
158.75428571428554,53.24000000000002
172.1542857142858,55.531428571428584
161.05714285714282,52.06285714285716
172.1200000000002,54.09714285714285
171.88285714285692,55.17142857142857
176.06857142857132,52.34285714285711
151.15999999999988,58.045714285714276
168.5285714285715,56.3142857142857
155.242857142857,52.068571428571396
165.52857142857138,59.925714285714314
170.8800000000002,52.66285714285712
159.7199999999999,59.81714285714283
159.48571428571427,58.40571428571425
177.93142857142848,50.55428571428568
183.1771428571426,62.82571428571432
167.30857142857135,55.13142857142852
158.42857142857133,56.76285714285707
185.8828571428571,58.285714285714306
153.84285714285716,54.15428571428569
165.32285714285695,57.405714285714254
179.91428571428546,59.525714285714294
172.002857142857,59.45999999999998
157.50285714285693,54.92857142857141
169.3142857142856,55.854285714285695
169.97142857142856,61.445714285714295
150.23142857142835,52.6714285714285
165.90857142857146,55.71428571428572
174.01142857142835,58.05142857142862
172.27142857142823,53.21142857142856
173.7342857142857,53.397142857142846
167.4885714285715,53.31142857142854
170.70571428571415,59.671428571428564
162.47142857142833,53.83428571428565
156.6257142857144,55.717142857142846
162.8285714285715,51.68285714285709
153.9828571428573,56.468571428571366
160.01999999999978,54.994285714285716
166.20285714285708,54.99999999999999
165.43428571428558,56.511428571428596
170.2085714285716,49.76
163.3199999999999,57.994285714285695
154.41999999999985,62.02571428571425
182.32857142857134,56.525714285714265
161.19714285714267,57.102857142857125
156.17714285714274,61.59428571428573
158.6942857142856,52.44857142857143
181.0828571428572,55.81428571428568
162.4599999999999,57.034285714285765
164.782857142857,56.277142857142834
156.30571428571406,55.50000000000002
154.67142857142844,50.75428571428569
156.18571428571437,60.22857142857144
171.01714285714283,53.6428571428571
151.07714285714272,55.185714285714255
162.4599999999998,60.14571428571424
194.19428571428563,52.5228571428571
163.78285714285707,52.74571428571426
172.3142857142858,52.66000000000001
163.08571428571435,58.6428571428571
154.6942857142854,54.525714285714265
178.0657142857142,54.32285714285707
164.53714285714292,57.965714285714235
175.2514285714284,56.78571428571424
158.41142857142847,52.50571428571426
154.9600000000001,51.608571428571366
171.17714285714294,59.34857142857142
167.40857142857152,55.405714285714275
152.0257142857142,54.33428571428571
160.46,56.9914285714285
162.9342857142858,59.35999999999997
171.11999999999986,56.085714285714275
157.79428571428565,53.35714285714285
171.44000000000005,50.505714285714255
162.0457142857142,58.9714285714285
170.5685714285713,55.65142857142855
187.67142857142866,53.442857142857115
170.742857142857,54.37428571428569
157.99999999999997,58.119999999999976
153.2799999999999,57.64
150.50285714285707,52.41428571428566
158.27999999999986,58.845714285714266
170.82857142857128,59.75428571428571
164.34857142857115,60.55142857142853
180.7057142857142,57.5057142857143
165.98857142857148,57.95142857142858
160.32857142857148,58.1057142857143
178.14571428571406,57.11142857142855
171.4342857142857,55.27142857142857
157.59999999999997,59.04571428571432
179.39714285714288,51.368571428571386
167.12571428571437,60.354285714285695
161.69142857142873,52.95714285714287
139.5914285714283,59.1514285714286
173.55999999999995,56.56000000000006
181.20571428571404,56.2971428571429
160.22285714285695,63.78857142857143
161.74571428571434,59.054285714285705
161.25428571428554,53.62000000000001
160.43428571428564,62.63999999999995
161.67714285714257,57.37428571428571
155.4457142857141,52.782857142857154
167.92285714285717,53.819999999999986
177.2142857142854,60.70857142857144
166.5285714285712,61.47714285714277
178.59999999999977,57.040000000000035
166.1285714285712,60.03142857142857
164.35999999999993,52.23714285714283
160.9285714285715,61.30285714285712
158.67999999999995,53.93428571428571
170.93428571428575,53.63428571428574
158.59714285714276,55.417142857142814
172.07428571428568,54.539999999999935
166.81714285714267,54.997142857142826
157.7999999999997,55.46000000000002
171.39428571428587,58.38571428571426
170.39999999999978,60.22857142857142
157.10857142857108,53.857142857142875
167.4171428571428,56.13428571428574
175.91142857142853,56.742857142857154
176.0285714285712,56.51142857142855
162.2742857142856,56.80857142857137
157.30857142857135,59.22857142857143
158.2942857142857,58.42571428571426
141.7057142857143,59.06857142857145
171.5428571428571,53.162857142857156
156.63999999999996,52.577142857142846
158.33999999999995,58.425714285714236
164.78571428571436,56.37428571428571
159.99428571428552,57.145714285714284
179.04857142857136,56.514285714285684
157.16571428571422,57.12000000000003
170.95142857142844,55.32857142857148
183.14285714285708,57.34285714285719
157.96857142857112,62.98285714285717
181.7171428571427,55.02571428571429
158.14285714285714,51.959999999999965
174.0171428571428,56.85142857142852
165.41999999999993,51.797142857142795
165.92857142857127,55.785714285714285
163.19428571428574,60.017142857142844
169.3114285714284,47.21999999999997
163.89714285714282,54.982857142857114
139.40285714285687,59.082857142857094
159.09142857142874,54.428571428571374
169.8942857142858,56.55142857142854
160.7399999999998,54.905714285714275
151.95714285714266,53.408571428571385
161.74,51.06857142857139
174.74857142857124,57.55714285714285
180.50571428571408,60.168571428571376
161.22571428571433,56.96857142857143
181.67714285714268,53.80285714285705
161.7571428571426,55.95999999999993
161.6285714285714,56.63142857142858
161.68,56.59142857142855
174.36857142857116,50.84571428571424
170.29142857142844,58.23142857142857
162.48285714285717,59.0514285714286
143.13714285714286,56.85714285714289
165.58285714285685,54.87714285714283
169.22285714285704,51.40857142857144
156.41714285714295,54.822857142857174
168.64285714285703,54.559999999999945
161.64571428571432,56.19999999999999
163.18285714285722,53.08571428571425
179.46571428571406,59.03142857142857
177.71142857142846,52.14285714285715
169.85999999999981,53.73428571428568
168.55142857142835,53.97999999999995
152.4371428571428,54.117142857142824
189.84857142857126,56.58857142857144
164.3342857142855,53.45999999999999
171.37714285714276,51.768571428571384
152.6114285714286,50.54571428571428
166.95142857142864,56.0885714285714
175.70571428571415,56.894285714285665
156.4199999999999,54.93142857142855
189.6285714285716,53.40857142857142
185.142857142857,54.385714285714286
172.89142857142855,59.97999999999996
158.78285714285687,53.96000000000002
177.40285714285707,57.874285714285726
149.8742857142857,54.23142857142854
176.8657142857141,57.9428571428571
171.71142857142834,60.862857142857145
155.86571428571432,55.93428571428562
165.32000000000008,51.68285714285711
164.82285714285695,57.67142857142853
145.52000000000015,60.60857142857148
162.00857142857123,57.07999999999995
133.81999999999988,59.21142857142857
168.03142857142848,53.82571428571434
165.37714285714293,51.200000000000024
166.76285714285711,57.89428571428565
186.39142857142846,50.082857142857094
143.16,53.83714285714288
145.83428571428547,57.9514285714286
154.1142857142856,52.12857142857145
152.102857142857,52.52857142857143
169.62000000000003,54.32285714285709
163.41428571428568,56.685714285714255
162.74571428571414,56.01428571428571
175.67714285714285,50.7228571428571
161.57142857142847,55.59428571428571
181.66285714285712,58.22571428571428
169.257142857143,58.119999999999976
158.36285714285734,56.422857142857104
163.20857142857102,55.245714285714286
164.30857142857127,60.30857142857144
167.93714285714267,54.99714285714283
155.2628571428572,53.07999999999997
159.12285714285713,58.87142857142853
158.95142857142858,52.00571428571424
166.23428571428562,54.76857142857136
158.122857142857,51.034285714285716
156.59428571428558,56.61714285714286
168.05714285714274,54.24857142857142
162.45999999999987,52.0885714285714
168.90571428571417,54.79714285714286
177.37142857142857,51.37999999999998
155.89142857142838,49.47142857142853
166.58571428571418,55.31428571428568
171.42000000000004,54.48285714285709
179.97142857142833,57.4142857142857
160.95142857142844,59.55714285714286
159.86857142857127,53.18285714285708
174.78285714285724,56.511428571428574
165.08571428571426,54.35142857142854
154.4485714285714,48.87428571428571
165.45428571428556,49.825714285714305
166.93142857142857,51.18285714285713
175.93142857142848,50.882857142857134
153.95142857142844,58.945714285714295
158.12285714285713,55.3285714285714
146.06857142857118,54.6171428571428
152.16857142857125,55.76285714285712
163.59428571428555,53.077142857142846
145.67999999999978,50.55142857142856
149.8885714285714,57.19142857142856
155.60285714285726,53.90571428571423
170.54857142857136,50.005714285714255
182.09142857142862,53.88857142857143
167.35142857142833,58.177142857142854
166.08571428571403,55.05999999999994
149.97428571428557,62.668571428571376
174.94857142857128,53.26571428571423
162.17428571428542,55.785714285714285
161.85428571428562,54.63428571428566
167.23714285714271,54.888571428571396
147.53999999999982,56.93999999999994
167.9257142857141,55.14000000000003
170.99142857142837,56.18
177.52571428571403,52.56571428571431
167.91142857142842,48.65999999999997
152.37714285714264,52.517142857142794
151.93999999999988,58.64857142857146
158.10571428571419,53.885714285714215
172.57142857142858,53.35142857142857
176.97142857142816,56.23999999999997
160.5599999999998,53.228571428571385
159.46857142857138,53.04857142857141
163.89142857142872,55.99142857142859
192.49999999999997,51.414285714285725
167.6485714285714,57.47999999999997
154.7914285714284,51.805714285714316
154.71428571428567,55.16857142857144
180.04571428571418,58.67999999999997
168.1971428571428,56.93999999999997
179.88571428571413,52.33142857142856
157.40285714285696,54.540000000000035
158.5171428571428,50.42000000000001
163.1714285714285,49.205714285714244
173.84000000000012,55.942857142857164
157.4428571428571,54.29428571428565
173.01999999999978,56.12857142857151
167.00857142857146,50.008571428571415
164.7028571428569,61.99428571428572
153.27428571428572,54.197142857142794
154.4542857142857,52.63999999999993
170.6942857142857,54.974285714285685
203.67714285714277,55.871428571428595
149.71714285714276,53.44857142857143
163.5771428571428,55.302857142857114
172.54285714285706,49.91999999999998
157.99999999999986,54.6685714285714
176.40285714285702,57.33428571428577
153.31142857142825,54.25142857142856
173.33428571428556,53.86
164.25142857142856,52.777142857142856
156.4457142857145,51.95714285714283
153.6228571428569,53.33714285714286
166.06571428571405,52.41999999999996
165.73142857142847,53.73142857142854
153.03142857142848,51.894285714285665
162.7771428571427,51.974285714285685
146.71714285714276,49.605714285714285
168.87142857142845,57.377142857142836
172.2542857142857,52.48
168.29428571428576,57.65142857142856
164.87999999999974,54.057142857142814
151.34285714285704,54.35714285714283
158.0399999999999,61.3257142857143
156.3371428571429,54.697142857142836
163.63714285714295,54.065714285714265
151.5828571428569,52.688571428571436
157.97999999999996,59.15714285714284
159.6314285714283,53.32857142857141
155.79428571428554,50.494285714285716
158.11142857142843,55.88285714285714
147.08000000000007,51.377142857142815
150.18857142857135,54.12285714285703
153.47714285714284,51.52000000000002
155.44000000000005,50.491428571428585
162.402857142857,52.59142857142853
152.62285714285713,55.511428571428574
154.9085714285712,56.634285714285724
148.6257142857141,57.24285714285705
158.27714285714262,52.98285714285714
158.06571428571405,53.0028571428571
165.47142857142842,56.93142857142857
151.79714285714275,50.87142857142858
162.9457142857144,51.96571428571419
161.7399999999999,50.94571428571427
153.89999999999978,59.537142857142854
171.94571428571413,51.76285714285713
153.42285714285723,50.777142857142806
141.26571428571418,53.33428571428569
176.37142857142854,55.882857142857205
166.04571428571424,52.2628571428571
161.38571428571416,53.457142857142856
162.14857142857142,54.46857142857139
165.3285714285714,55.85428571428567
152.56857142857123,51.58857142857144
166.72857142857134,51.42285714285711
190.59428571428558,57.685714285714305
158.6857142857144,58.328571428571415
156.5199999999999,49.01999999999998
161.96285714285705,53.2257142857143
163.5542857142857,52.80857142857145
142.6228571428569,58.20857142857141
161.51428571428568,53.88285714285712
169.15142857142862,51.022857142857184
167.7285714285711,55.517142857142865
150.8257142857144,57.59714285714281
181.93428571428555,49.50000000000002
156.5599999999997,47.614285714285735
175.24571428571426,50.397142857142796
154.13714285714283,54.99428571428568
154.27428571428572,55.54000000000004
165.07999999999996,53.03142857142847
162.1542857142855,52.79142857142857
161.76857142857133,53.128571428571405
142.37714285714293,59.83142857142854
163.01142857142847,54.919999999999945
164.5228571428572,55.814285714285745
159.61714285714297,51.11142857142853
163.55999999999972,55.28000000000003
152.7485714285715,54.43999999999999
162.7257142857143,55.71428571428568
142.79428571428562,52.69999999999998
175.797142857143,52.80571428571425
155.27428571428572,53.365714285714255
148.56000000000003,50.70285714285712
163.3228571428571,51.98285714285717
170.7971428571428,53.054285714285676
156.67999999999978,53.259999999999955
165.67714285714277,55.77428571428577
159.322857142857,52.77714285714292
162.7971428571424,54.134285714285745
160.06285714285704,49.8771428571429
174.56285714285693,50.574285714285665
154.76,51.6828571428571
151.8285714285712,53.61999999999999
168.1971428571426,57.61428571428571
171.75999999999982,50.814285714285695
164.48285714285703,53.71428571428572
171.22571428571402,55.90285714285715
158.86571428571418,55.177142857142876
158.70857142857133,55.0914285714286
165.6199999999999,50.89999999999999
151.8857142857141,50.52285714285712
167.67142857142844,56.6742857142857
156.7542857142854,56.29428571428569
155.31428571428566,55.06857142857142
168.62285714285704,52.308571428571405
189.21428571428564,55.788571428571395
185.28857142857134,53.185714285714255
172.1028571428571,49.97714285714289
179.3371428571428,49.88285714285712
187.4257142857143,47.46857142857141
161.3942857142857,51.04857142857134
152.28571428571405,49.28857142857143
160.73714285714283,53.171428571428564
164.31142857142856,52.96571428571428
168.4142857142856,52.42285714285713
168.35142857142873,53.72285714285708
155.8171428571427,51.24571428571429
164.34857142857106,56.07999999999998
166.15428571428558,58.65142857142853
165.53428571428572,53.02571428571425
169.56285714285696,50.51142857142856
170.95714285714266,47.86285714285717
146.662857142857,51.39714285714284
165.0000000000001,51.69714285714286
172.3942857142856,54.67714285714285
157.90857142857126,50.47999999999998
147.47142857142856,54.52571428571429
167.53428571428555,57.14857142857146
172.95428571428548,56.557142857142864
153.73999999999992,54.31142857142854
160.4114285714287,55.57428571428565
164.19999999999985,52.385714285714286
166.03428571428566,55.40571428571425
147.3742857142856,54.34857142857141
165.8857142857142,51.26285714285713
162.77999999999977,53.408571428571385
170.0457142857141,54.474285714285685
145.46285714285705,52.99999999999995
157.0571428571426,49.988571428571376
161.102857142857,54.09999999999996
164.41714285714272,54.497142857142784
184.61999999999998,52.85714285714285
160.67714285714314,52.03999999999999
152.9285714285712,53.194285714285726
155.24857142857127,57.705714285714244
151.60285714285712,54.46571428571424
164.11428571428564,53.62571428571427
147.85142857142833,52.65428571428566
152.63714285714272,56.85999999999998
164.84857142857146,51.8542857142857
159.11999999999972,55.66000000000002
150.02285714285694,57.851428571428585
153.88857142857128,53.38285714285709
149.01999999999973,50.68857142857138
152.8942857142857,49.27142857142857
152.36285714285705,50.65714285714286
147.83714285714282,56.31999999999995
165.2485714285713,51.85999999999995
163.17999999999995,54.065714285714265
158.5085714285712,55.47714285714282
153.06857142857143,54.84857142857139
161.27714285714296,52.92571428571424
166.72571428571422,54.59714285714279
154.2999999999998,49.734285714285704
155.48857142857136,52.22285714285711
151.7742857142858,51.865714285714255
157.4142857142856,52.32857142857139
140.9057142857141,48.60285714285713
170.4742857142856,52.17142857142852
170.15428571428566,51.8228571428571
151.1085714285712,55.80285714285714
172.9314285714283,52.360000000000014
158.6057142857142,52.95142857142853
174.0314285714286,56.77428571428572
154.062857142857,58.68285714285711
155.61428571428576,55.08571428571427
144.42857142857127,56.48857142857144
159.03714285714264,49.59428571428568
168.94571428571413,53.30000000000003
147.9571428571426,52.58571428571425
153.83142857142843,52.354285714285744
157.902857142857,53.99714285714283
170.37142857142854,52.1228571428571
168.25142857142856,54.03142857142854
154.41428571428563,53.96000000000002
148.43999999999997,55.6171428571428
170.4428571428571,53.13999999999998
145.70285714285694,52.28000000000001
164.7257142857142,48.917142857142835
159.10857142857134,50.6428571428571
162.55428571428575,48.70857142857146
155.06571428571428,49.137142857142805
159.1914285714284,52.617142857142845
162.09142857142868,56.99428571428565
168.11714285714282,54.3028571428571
158.60571428571401,52.199999999999946
170.84000000000003,49.57714285714288
147.86571428571426,49.50000000000001
149.14857142857122,52.03714285714282
156.71142857142857,53.85142857142852
173.42857142857147,56.77428571428572
159.24285714285713,51.26571428571421
170.06857142857143,56.49714285714283
168.89714285714277,53.69428571428566
151.16571428571413,61.52571428571422
165.44285714285724,53.99142857142853
154.25428571428571,45.49428571428564
162.64285714285708,51.64571428571421
156.76285714285711,51.98571428571427
144.19999999999996,50.12571428571425
178.16857142857108,56.274285714285654
167.81999999999982,61.06285714285716
153.3514285714284,55.17714285714282
164.47428571428551,56.305714285714295
150.6799999999998,48.30857142857138
156.31714285714273,51.414285714285654
177.8314285714287,52.21142857142853
148.9257142857141,53.085714285714225
152.08857142857127,54.09142857142851
168.41142857142836,50.148571428571415
160.46000000000006,52.71999999999998
153.30285714285708,58.98285714285716
166.4371428571428,54.00000000000002
175.86285714285705,51.9171428571429
156.85142857142856,51.497142857142805
160.46285714285713,52.99999999999995
141.75714285714267,56.55428571428569
164.24571428571434,55.32571428571424
153.97714285714287,46.7485714285714
154.14285714285714,51.08571428571423
151.3885714285714,54.06857142857144
179.182857142857,52.54285714285711
177.13142857142853,52.914285714285704
147.27428571428564,54.82857142857145
146.09428571428558,53.234285714285754
155.21142857142823,53.094285714285704
160.22857142857117,50.81714285714281
157.41142857142847,61.07142857142859
163.33142857142866,55.66857142857144
143.1999999999997,51.228571428571406
145.96285714285705,51.53428571428567
160.53999999999994,52.217142857142804
152.32285714285712,54.1428571428571
158.29428571428562,51.45142857142858
161.3771428571427,51.12285714285709
181.66857142857125,47.61428571428571
172.74857142857135,52.6828571428571
164.35142857142827,50.445714285714274
176.31714285714267,53.75714285714288
169.99428571428552,53.357142857142776
148.66285714285715,55.845714285714266
166.97999999999985,55.33714285714286
157.38571428571427,53.10000000000003
168.9485714285713,53.19428571428569
164.99999999999997,55.5885714285714
160.22285714285684,59.77714285714283
159.27714285714276,50.865714285714276
166.8399999999999,52.52285714285712
146.95428571428567,52.5457142857143
159.10285714285695,53.78571428571428
153.59142857142862,58.54
158.44285714285712,55.42285714285711
154.81714285714256,50.57999999999999
152.56000000000003,54.80571428571421
153.5571428571429,55.74000000000001
140.5485714285715,51.474285714285756
160.17999999999995,49.92571428571426
162.58285714285708,60.357142857142875
156.462857142857,53.55428571428573
157.79142857142833,52.360000000000014
156.9228571428569,51.03142857142854
137.0914285714284,53.35428571428567
163.31142857142834,57.39428571428572
162.45714285714274,56.81999999999995
167.50000000000009,50.64285714285707
153.66285714285698,50.382857142857084
160.78571428571416,54.92285714285709
150.60857142857125,53.41142857142857
164.7285714285713,54.31142857142858
155.48857142857128,51.377142857142864
157.22857142857117,55.108571428571416
148.78285714285713,49.76571428571425
151.44857142857134,47.55428571428571
193.40285714285685,55.17999999999999
164.69428571428557,51.34571428571431
154.1914285714285,55.605714285714235
164.9028571428572,55.217142857142875
145.48857142857133,53.58857142857136
156.79999999999987,53.448571428571356
170.47714285714287,53.374285714285655
150.7742857142855,57.11142857142855
155.18571428571417,56.002857142857174
141.61714285714288,45.18571428571425
166.66857142857137,49.39142857142857
154.5542857142855,58.9028571428571
172.77142857142854,56.70857142857139
148.67999999999978,59.4085714285714
146.49428571428564,55.61142857142854
166.61999999999995,50.78857142857144
161.1,51.03142857142852
163.5428571428572,60.222857142857144
137.53999999999994,51.985714285714266
163.042857142857,53.60285714285711
158.92285714285714,55.022857142857134
163.39428571428547,50.70285714285712
163.29142857142872,54.674285714285745
169.11999999999992,51.69999999999997
152.85999999999987,54.619999999999976
145.36571428571415,51.2
175.102857142857,54.20285714285709
153.24285714285682,50.36285714285712
146.93714285714265,57.55428571428571
140.1914285714286,54.982857142857135
130.10285714285698,54.93714285714286
154.83428571428553,54.73714285714286
161.03714285714275,55.75999999999995
146.1771428571427,53.25142857142855
144.71999999999994,54.46857142857145
168.8971428571429,53.168571428571425
160.91142857142864,55.128571428571384
158.32857142857134,58.065714285714286
158.73714285714283,52.580000000000034
169.9914285714285,52.354285714285716
139.4228571428572,57.511428571428574
150.47714285714275,52.774285714285675
154.81714285714264,53.10571428571426
148.67428571428547,55.22285714285712
144.61428571428576,52.1428571428571
153.57714285714243,50.8371428571429
145.0828571428571,52.02571428571429
168.61142857142835,53.04285714285712
167.12571428571425,53.67428571428574
162.15428571428552,53.51142857142853
151.51999999999984,56.49428571428568
139.59142857142834,54.08857142857142
147.32000000000005,51.0828571428571
162.16857142857143,53.96571428571424
138.51714285714272,55.22857142857144
160.8942857142857,54.32857142857139
150.87999999999977,52.608571428571395
151.75714285714287,52.077142857142846
169.93999999999963,49.702857142857184
158.68,55.494285714285695
148.91714285714275,53.44857142857146
161.27999999999992,52.84571428571424
157.84000000000026,51.63142857142857
163.75999999999968,54.96285714285711
